8c0b5954114500641012b8e38dcab00ac4790359,MOVE,HTML/ace/ace.js:8249,HTML/ace/edit_session.js:274
8c0b5954114500641012b8e38dcab00ac4790359,MOVE,HTML/ace/ace.js:9805,HTML/ace/selection.js:119
8c0b5954114500641012b8e38dcab00ac4790359,MOVE,HTML/ace/ace.js:575,HTML/pilot/es5-shim.js:490
8c0b5954114500641012b8e38dcab00ac4790359,MOVE,HTML/ace/ace.js:15296,HTML/ace/renderloop.js:79
8c0b5954114500641012b8e38dcab00ac4790359,MOVE,HTML/ace/ace.js:14718,HTML/ace/layer/text.js:301
8c0b5954114500641012b8e38dcab00ac4790359,EXTRACT_MOVE,HTML/ace/ace.js:1200,HTML/ace/defaults.js:43
8c0b5954114500641012b8e38dcab00ac4790359,MOVE,HTML/ace/ace.js:724,HTML/pilot/es5-shim.js:651
8c0b5954114500641012b8e38dcab00ac4790359,MOVE,HTML/ace/ace.js:6629,HTML/ace/editor.js:1059
8c0b5954114500641012b8e38dcab00ac4790359,MOVE,HTML/ace/ace.js:7769,HTML/ace/commands/default_commands.js:161
8c0b5954114500641012b8e38dcab00ac4790359,MOVE,HTML/ace/ace.js:13577,HTML/ace/virtual_renderer.js:364
8c0b5954114500641012b8e38dcab00ac4790359,MOVE,HTML/ace/ace.js:8348,HTML/ace/edit_session.js:373
8c0b5954114500641012b8e38dcab00ac4790359,MOVE,HTML/ace/ace.js:6635,HTML/ace/editor.js:1065
8c0b5954114500641012b8e38dcab00ac4790359,MOVE,HTML/ace/ace.js:4000,HTML/pilot/settings.js:208
8c0b5954114500641012b8e38dcab00ac4790359,MOVE,HTML/ace/ace.js:4008,HTML/pilot/settings.js:216
8c0b5954114500641012b8e38dcab00ac4790359,MOVE,HTML/ace/ace.js:6560,HTML/ace/editor.js:990
8c0b5954114500641012b8e38dcab00ac4790359,MOVE,HTML/ace/ace.js:1359,HTML/pilot/types/basic.js:134
8c0b5954114500641012b8e38dcab00ac4790359,EXTRACT_MOVE,HTML/ace/ace.js:4673,HTML/ace/defaults.js:43
8c0b5954114500641012b8e38dcab00ac4790359,MOVE,HTML/ace/ace.js:3547,HTML/pilot/lang.js:44
8c0b5954114500641012b8e38dcab00ac4790359,MOVE,HTML/ace/worker-css.js:1,HTML/ace/mode/css/csslint.js:288
8c0b5954114500641012b8e38dcab00ac4790359,MOVE,HTML/ace/worker-css.js:1,HTML/ace/mode/css/csslint.js:1421
8c0b5954114500641012b8e38dcab00ac4790359,MOVE,HTML/ace/worker-coffee.js:1,HTML/ace/mode/coffee/nodes.js:2173
8c0b5954114500641012b8e38dcab00ac4790359,MOVE,HTML/ace/worker-css.js:1,HTML/ace/mode/css/csslint.js:2531
8c0b5954114500641012b8e38dcab00ac4790359,MOVE,HTML/ace/worker-javascript.js:1,HTML/ace/narcissus/jsparse.js:854
8c0b5954114500641012b8e38dcab00ac4790359,MOVE,HTML/ace/ace.js:12635,HTML/ace/edit_session/fold_line.js:199
8c0b5954114500641012b8e38dcab00ac4790359,MOVE,HTML/ace/ace.js:731,HTML/pilot/es5-shim.js:658
8c0b5954114500641012b8e38dcab00ac4790359,MOVE,HTML/ace/ace.js:9884,HTML/ace/selection.js:198
8c0b5954114500641012b8e38dcab00ac4790359,MOVE,HTML/ace/ace.js:1064,HTML/pilot/regexp.js:89
8c0b5954114500641012b8e38dcab00ac4790359,MOVE,HTML/ace/ace.js:7894,HTML/ace/commands/default_commands.js:286
8c0b5954114500641012b8e38dcab00ac4790359,MOVE,HTML/ace/ace.js:13805,HTML/ace/virtual_renderer.js:592
8c0b5954114500641012b8e38dcab00ac4790359,MOVE,HTML/ace/ace.js:8284,HTML/ace/edit_session.js:309
8c0b5954114500641012b8e38dcab00ac4790359,MOVE,HTML/ace/worker-css.js:1,HTML/ace/mode/css/csslint.js:342
8c0b5954114500641012b8e38dcab00ac4790359,MOVE,HTML/ace/ace.js:8270,HTML/ace/edit_session.js:295
8c0b5954114500641012b8e38dcab00ac4790359,MOVE,HTML/ace/ace.js:1533,HTML/pilot/types/basic.js:308
8c0b5954114500641012b8e38dcab00ac4790359,MOVE,HTML/ace/ace.js:10269,HTML/ace/range.js:105
8c0b5954114500641012b8e38dcab00ac4790359,MOVE,HTML/ace/worker-coffee.js:1,HTML/ace/mode/coffee/nodes.js:1838
8c0b5954114500641012b8e38dcab00ac4790359,MOVE,HTML/ace/worker-css.js:1,HTML/ace/mode/css/csslint.js:1810
8c0b5954114500641012b8e38dcab00ac4790359,MOVE,HTML/ace/ace.js:1621,HTML/pilot/types.js:64
8c0b5954114500641012b8e38dcab00ac4790359,MOVE,HTML/ace/ace.js:5114,HTML/pilot/dom.js:165
8c0b5954114500641012b8e38dcab00ac4790359,MOVE,HTML/ace/ace.js:9932,HTML/ace/selection.js:246
8c0b5954114500641012b8e38dcab00ac4790359,MOVE,HTML/ace/ace.js:6292,HTML/ace/editor.js:722
8c0b5954114500641012b8e38dcab00ac4790359,MOVE,HTML/ace/ace.js:11405,HTML/ace/document.js:236
8c0b5954114500641012b8e38dcab00ac4790359,MOVE,HTML/ace/ace.js:13512,HTML/ace/virtual_renderer.js:299
8c0b5954114500641012b8e38dcab00ac4790359,MOVE,HTML/ace/ace.js:7370,HTML/ace/mouse_handler.js:302
8c0b5954114500641012b8e38dcab00ac4790359,MOVE,HTML/ace/worker-javascript.js:1,HTML/ace/narcissus/jsparse.js:1288
8c0b5954114500641012b8e38dcab00ac4790359,MOVE,HTML/ace/worker-css.js:1,HTML/ace/mode/css/csslint.js:3794
8c0b5954114500641012b8e38dcab00ac4790359,MOVE,HTML/ace/ace.js:6425,HTML/ace/editor.js:855
8c0b5954114500641012b8e38dcab00ac4790359,MOVE,HTML/ace/ace.js:5059,HTML/pilot/dom.js:110
8c0b5954114500641012b8e38dcab00ac4790359,MOVE,HTML/ace/ace.js:14002,HTML/ace/virtual_renderer.js:789
8c0b5954114500641012b8e38dcab00ac4790359,MOVE,HTML/ace/ace.js:6486,HTML/ace/editor.js:916
8c0b5954114500641012b8e38dcab00ac4790359,MOVE,HTML/ace/worker-javascript.js:1,HTML/ace/narcissus/jslex.js:141
8c0b5954114500641012b8e38dcab00ac4790359,MOVE,HTML/ace/ace.js:11025,HTML/ace/mode/behaviour.js:57
8c0b5954114500641012b8e38dcab00ac4790359,MOVE,HTML/ace/ace.js:7160,HTML/ace/mouse_handler.js:92
8c0b5954114500641012b8e38dcab00ac4790359,MOVE,HTML/ace/ace.js:6556,HTML/ace/editor.js:986
8c0b5954114500641012b8e38dcab00ac4790359,MOVE,HTML/ace/ace.js:13061,HTML/ace/search.js:275
8c0b5954114500641012b8e38dcab00ac4790359,MOVE,HTML/ace/ace.js:1049,HTML/pilot/regexp.js:74
8c0b5954114500641012b8e38dcab00ac4790359,MOVE,HTML/ace/worker-javascript.js:1,HTML/ace/narcissus/jsparse.js:915
8c0b5954114500641012b8e38dcab00ac4790359,MOVE,HTML/ace/ace.js:8130,HTML/ace/edit_session.js:155
8c0b5954114500641012b8e38dcab00ac4790359,MOVE,HTML/ace/ace.js:1408,HTML/pilot/types/basic.js:183
8c0b5954114500641012b8e38dcab00ac4790359,MOVE,HTML/ace/ace.js:2885,HTML/pilot/stacktrace.js:233
8c0b5954114500641012b8e38dcab00ac4790359,MOVE,HTML/ace/worker-css.js:1,HTML/ace/mode/css/csslint.js:280
8c0b5954114500641012b8e38dcab00ac4790359,MOVE,HTML/ace/ace.js:11809,HTML/ace/background_tokenizer.js:43
8c0b5954114500641012b8e38dcab00ac4790359,MOVE,HTML/ace/ace.js:4058,HTML/pilot/settings.js:266
8c0b5954114500641012b8e38dcab00ac4790359,MOVE,HTML/ace/ace.js:8397,HTML/ace/edit_session.js:422
8c0b5954114500641012b8e38dcab00ac4790359,MOVE,HTML/ace/ace.js:13878,HTML/ace/virtual_renderer.js:665
8c0b5954114500641012b8e38dcab00ac4790359,MOVE_RENAME,HTML/ace/mode-coffee.js:1,HTML/ace/mode/coffee_highlight_rules.js:43
8c0b5954114500641012b8e38dcab00ac4790359,MOVE,HTML/ace/ace.js:6137,HTML/ace/editor.js:567
8c0b5954114500641012b8e38dcab00ac4790359,MOVE,HTML/ace/worker-javascript.js:1,HTML/ace/narcissus/jsparse.js:253
8c0b5954114500641012b8e38dcab00ac4790359,MOVE,HTML/ace/worker-coffee.js:1,HTML/ace/mode/coffee/nodes.js:2158
8c0b5954114500641012b8e38dcab00ac4790359,MOVE,HTML/ace/ace.js:5679,HTML/ace/editor.js:109
8c0b5954114500641012b8e38dcab00ac4790359,MOVE,HTML/ace/ace.js:2135,HTML/pilot/canon.js:221
8c0b5954114500641012b8e38dcab00ac4790359,MOVE,HTML/ace/worker-javascript.js:1,HTML/ace/narcissus/jsdefs.js:278
8c0b5954114500641012b8e38dcab00ac4790359,MOVE,HTML/ace/ace.js:14885,HTML/ace/layer/text.js:468
8c0b5954114500641012b8e38dcab00ac4790359,MOVE,HTML/ace/ace.js:3411,HTML/pilot/typecheck.js:52
8c0b5954114500641012b8e38dcab00ac4790359,MOVE,HTML/ace/worker-javascript.js:1,HTML/ace/narcissus/jsdefs.js:553
8c0b5954114500641012b8e38dcab00ac4790359,MOVE,HTML/ace/worker-css.js:1,HTML/ace/mode/css/csslint.js:3814
8c0b5954114500641012b8e38dcab00ac4790359,MOVE,HTML/ace/ace.js:9781,HTML/ace/selection.js:95
8c0b5954114500641012b8e38dcab00ac4790359,MOVE,HTML/ace/worker-css.js:1,HTML/ace/mode/css/csslint.js:1793
8c0b5954114500641012b8e38dcab00ac4790359,MOVE,HTML/ace/worker-javascript.js:1,HTML/ace/narcissus/jsparse.js:1400
8c0b5954114500641012b8e38dcab00ac4790359,MOVE,HTML/ace/ace.js:13601,HTML/ace/virtual_renderer.js:388
8c0b5954114500641012b8e38dcab00ac4790359,MOVE,HTML/ace/ace.js:6587,HTML/ace/editor.js:1017
8c0b5954114500641012b8e38dcab00ac4790359,MOVE,HTML/ace/ace.js:7824,HTML/ace/commands/default_commands.js:216
8c0b5954114500641012b8e38dcab00ac4790359,MOVE,HTML/ace/ace.js:6742,HTML/ace/editor.js:1172
8c0b5954114500641012b8e38dcab00ac4790359,MOVE,HTML/ace/worker-coffee.js:1,HTML/ace/mode/coffee/nodes.js:446
8c0b5954114500641012b8e38dcab00ac4790359,MOVE,HTML/ace/ace.js:13820,HTML/ace/virtual_renderer.js:607
8c0b5954114500641012b8e38dcab00ac4790359,MOVE,HTML/ace/ace.js:13924,HTML/ace/virtual_renderer.js:711
8c0b5954114500641012b8e38dcab00ac4790359,MOVE,HTML/ace/ace.js:6432,HTML/ace/editor.js:862
8c0b5954114500641012b8e38dcab00ac4790359,MOVE,HTML/ace/worker-coffee.js:1,HTML/ace/mode/coffee/nodes.js:475
8c0b5954114500641012b8e38dcab00ac4790359,MOVE,HTML/ace/ace.js:672,HTML/pilot/es5-shim.js:599
8c0b5954114500641012b8e38dcab00ac4790359,MOVE,HTML/ace/ace.js:9357,HTML/ace/edit_session.js:1382
8c0b5954114500641012b8e38dcab00ac4790359,MOVE,HTML/ace/ace.js:7690,HTML/ace/commands/default_commands.js:82
8c0b5954114500641012b8e38dcab00ac4790359,MOVE,HTML/ace/ace.js:6348,HTML/ace/editor.js:778
8c0b5954114500641012b8e38dcab00ac4790359,MOVE,HTML/ace/ace.js:8837,HTML/ace/edit_session.js:862
8c0b5954114500641012b8e38dcab00ac4790359,MOVE,HTML/ace/worker-css.js:1,HTML/ace/mode/css/csslint.js:5203
8c0b5954114500641012b8e38dcab00ac4790359,MOVE,HTML/ace/ace.js:13463,HTML/ace/virtual_renderer.js:250
8c0b5954114500641012b8e38dcab00ac4790359,MOVE,HTML/ace/ace.js:11554,HTML/ace/document.js:385
8c0b5954114500641012b8e38dcab00ac4790359,MOVE,HTML/ace/ace.js:6214,HTML/ace/editor.js:644
8c0b5954114500641012b8e38dcab00ac4790359,MOVE,HTML/ace/ace.js:8564,HTML/ace/edit_session.js:589
8c0b5954114500641012b8e38dcab00ac4790359,MOVE,HTML/ace/ace.js:15026,HTML/ace/layer/cursor.js:44
8c0b5954114500641012b8e38dcab00ac4790359,MOVE,HTML/ace/ace.js:6693,HTML/ace/editor.js:1123
8c0b5954114500641012b8e38dcab00ac4790359,MOVE,HTML/ace/ace.js:11249,HTML/ace/document.js:80
8c0b5954114500641012b8e38dcab00ac4790359,MOVE,HTML/ace/worker-coffee.js:1,HTML/ace/mode/coffee/nodes.js:1346
8c0b5954114500641012b8e38dcab00ac4790359,MOVE,HTML/ace/ace.js:5974,HTML/ace/editor.js:404
8c0b5954114500641012b8e38dcab00ac4790359,MOVE,HTML/ace/worker-css.js:1,HTML/ace/mode/css/csslint.js:1839
8c0b5954114500641012b8e38dcab00ac4790359,MOVE,HTML/ace/ace.js:1292,HTML/pilot/types/basic.js:67
8c0b5954114500641012b8e38dcab00ac4790359,MOVE,HTML/ace/ace.js:13168,HTML/ace/undomanager.js:48
8c0b5954114500641012b8e38dcab00ac4790359,MOVE,HTML/ace/ace.js:2855,HTML/pilot/stacktrace.js:203
8c0b5954114500641012b8e38dcab00ac4790359,MOVE,HTML/ace/ace.js:4246,HTML/pilot/commands/settings.js:124
8c0b5954114500641012b8e38dcab00ac4790359,MOVE,HTML/ace/worker-css.js:1,HTML/ace/mode/css/csslint.js:5040
8c0b5954114500641012b8e38dcab00ac4790359,MOVE,HTML/ace/worker-javascript.js:1,HTML/ace/narcissus/jslex.js:424
8c0b5954114500641012b8e38dcab00ac4790359,MOVE,HTML/ace/ace.js:12975,HTML/ace/search.js:189
8c0b5954114500641012b8e38dcab00ac4790359,MOVE,HTML/ace/worker-css.js:1,HTML/ace/mode/css/csslint.js:3124
8c0b5954114500641012b8e38dcab00ac4790359,MOVE,HTML/ace/ace.js:7909,HTML/ace/commands/default_commands.js:301
8c0b5954114500641012b8e38dcab00ac4790359,MOVE,HTML/ace/ace.js:13825,HTML/ace/virtual_renderer.js:612
8c0b5954114500641012b8e38dcab00ac4790359,MOVE_RENAME,HTML/ace/mode-csharp.js:1,HTML/ace/mode/csharp_highlight_rules.js:8
8c0b5954114500641012b8e38dcab00ac4790359,MOVE,HTML/ace/ace.js:5950,HTML/ace/editor.js:380
8c0b5954114500641012b8e38dcab00ac4790359,MOVE,HTML/ace/worker-css.js:1,HTML/ace/mode/css/csslint.js:663
8c0b5954114500641012b8e38dcab00ac4790359,MOVE_RENAME,HTML/ace/worker-coffee.js:1,HTML/ace/mode/coffee/nodes.js:1914
8c0b5954114500641012b8e38dcab00ac4790359,MOVE,HTML/ace/ace.js:5370,HTML/pilot/event.js:125
8c0b5954114500641012b8e38dcab00ac4790359,MOVE,HTML/ace/ace.js:6259,HTML/ace/editor.js:689
8c0b5954114500641012b8e38dcab00ac4790359,MOVE,HTML/ace/ace.js:9607,HTML/ace/edit_session.js:1632
8c0b5954114500641012b8e38dcab00ac4790359,MOVE,HTML/ace/ace.js:5792,HTML/ace/editor.js:222
8c0b5954114500641012b8e38dcab00ac4790359,MOVE,HTML/ace/ace.js:6506,HTML/ace/editor.js:936
8c0b5954114500641012b8e38dcab00ac4790359,MOVE,HTML/ace/ace.js:10548,HTML/ace/mode/text.js:76
8c0b5954114500641012b8e38dcab00ac4790359,MOVE,HTML/ace/ace.js:13162,HTML/ace/undomanager.js:42
8c0b5954114500641012b8e38dcab00ac4790359,MOVE,HTML/ace/worker-css.js:1,HTML/ace/mode/css/csslint.js:4587
8c0b5954114500641012b8e38dcab00ac4790359,MOVE,HTML/ace/ace.js:11641,HTML/ace/anchor.js:67
8c0b5954114500641012b8e38dcab00ac4790359,MOVE,HTML/ace/ace.js:6683,HTML/ace/editor.js:1113
8c0b5954114500641012b8e38dcab00ac4790359,MOVE,HTML/ace/ace.js:7937,HTML/ace/commands/default_commands.js:329
8c0b5954114500641012b8e38dcab00ac4790359,MOVE,HTML/ace/worker-javascript.js:1,HTML/ace/narcissus/jsdefs.js:599
8c0b5954114500641012b8e38dcab00ac4790359,MOVE,HTML/ace/ace.js:12895,HTML/ace/search.js:109
8c0b5954114500641012b8e38dcab00ac4790359,MOVE,HTML/ace/ace.js:10437,HTML/ace/range.js:273
8c0b5954114500641012b8e38dcab00ac4790359,MOVE,HTML/ace/worker-css.js:1,HTML/ace/mode/css/csslint.js:600
8c0b5954114500641012b8e38dcab00ac4790359,MOVE,HTML/ace/ace.js:7539,HTML/ace/keyboard/keybinding.js:48
8c0b5954114500641012b8e38dcab00ac4790359,MOVE,HTML/ace/ace.js:6270,HTML/ace/editor.js:700
8c0b5954114500641012b8e38dcab00ac4790359,MOVE,HTML/ace/ace.js:5055,HTML/pilot/dom.js:106
8c0b5954114500641012b8e38dcab00ac4790359,MOVE,HTML/ace/ace.js:13582,HTML/ace/virtual_renderer.js:369
8c0b5954114500641012b8e38dcab00ac4790359,MOVE,HTML/ace/ace.js:10053,HTML/ace/selection.js:367
8c0b5954114500641012b8e38dcab00ac4790359,MOVE,HTML/ace/ace.js:8413,HTML/ace/edit_session.js:438
8c0b5954114500641012b8e38dcab00ac4790359,MOVE,HTML/ace/ace.js:10937,HTML/ace/mode/text_highlight_rules.js:79
8c0b5954114500641012b8e38dcab00ac4790359,MOVE,HTML/ace/worker-javascript.js:1,HTML/ace/narcissus/jsparse.js:1046
8c0b5954114500641012b8e38dcab00ac4790359,MOVE,HTML/ace/ace.js:2751,HTML/pilot/stacktrace.js:99
8c0b5954114500641012b8e38dcab00ac4790359,MOVE,HTML/ace/ace.js:12752,HTML/ace/edit_session/fold.js:44
8c0b5954114500641012b8e38dcab00ac4790359,MOVE,HTML/ace/ace.js:11894,HTML/ace/background_tokenizer.js:128
8c0b5954114500641012b8e38dcab00ac4790359,MOVE,HTML/ace/ace.js:3719,HTML/pilot/types/settings.js:66
8c0b5954114500641012b8e38dcab00ac4790359,MOVE,HTML/ace/ace.js:8134,HTML/ace/edit_session.js:159
8c0b5954114500641012b8e38dcab00ac4790359,MOVE,HTML/ace/ace.js:1404,HTML/pilot/types/basic.js:179
8c0b5954114500641012b8e38dcab00ac4790359,MOVE,HTML/ace/ace.js:8344,HTML/ace/edit_session.js:369
8c0b5954114500641012b8e38dcab00ac4790359,MOVE,HTML/ace/worker-javascript.js:1,HTML/ace/narcissus/jsparse.js:91
8c0b5954114500641012b8e38dcab00ac4790359,MOVE,HTML/ace/ace.js:1896,HTML/pilot/types/command.js:57
8c0b5954114500641012b8e38dcab00ac4790359,MOVE,HTML/ace/ace.js:5202,HTML/pilot/dom.js:253
8c0b5954114500641012b8e38dcab00ac4790359,INLINE,HTML/ace/worker-coffee.js:1,HTML/ace/mode/javascript_worker.js:17
8c0b5954114500641012b8e38dcab00ac4790359,MOVE,HTML/ace/ace.js:11365,HTML/ace/document.js:196
8c0b5954114500641012b8e38dcab00ac4790359,MOVE,HTML/ace/ace.js:14896,HTML/ace/layer/text.js:479
8c0b5954114500641012b8e38dcab00ac4790359,MOVE,HTML/ace/ace.js:6706,HTML/ace/editor.js:1136
8c0b5954114500641012b8e38dcab00ac4790359,MOVE,HTML/ace/ace.js:4804,HTML/pilot/promise.js:119
8c0b5954114500641012b8e38dcab00ac4790359,MOVE,HTML/ace/ace.js:11383,HTML/ace/document.js:214
8c0b5954114500641012b8e38dcab00ac4790359,MOVE,HTML/ace/ace.js:13418,HTML/ace/virtual_renderer.js:205
8c0b5954114500641012b8e38dcab00ac4790359,MOVE,HTML/ace/worker-javascript.js:1,HTML/ace/narcissus/jsdefs.js:423
8c0b5954114500641012b8e38dcab00ac4790359,MOVE,HTML/ace/ace.js:2961,HTML/pilot/stacktrace.js:309
8c0b5954114500641012b8e38dcab00ac4790359,MOVE,HTML/ace/ace.js:10545,HTML/ace/mode/text.js:73
8c0b5954114500641012b8e38dcab00ac4790359,MOVE,HTML/ace/ace.js:9346,HTML/ace/edit_session.js:1371
8c0b5954114500641012b8e38dcab00ac4790359,MOVE,HTML/ace/ace.js:14155,HTML/ace/layer/gutter.js:99
8c0b5954114500641012b8e38dcab00ac4790359,MOVE,HTML/ace/ace.js:5123,HTML/pilot/dom.js:174
8c0b5954114500641012b8e38dcab00ac4790359,MOVE,HTML/ace/ace.js:7121,HTML/ace/mouse_handler.js:53
8c0b5954114500641012b8e38dcab00ac4790359,MOVE,HTML/ace/ace.js:7834,HTML/ace/commands/default_commands.js:226
8c0b5954114500641012b8e38dcab00ac4790359,MOVE,HTML/ace/ace.js:11898,HTML/ace/background_tokenizer.js:132
8c0b5954114500641012b8e38dcab00ac4790359,MOVE,HTML/ace/ace.js:10360,HTML/ace/range.js:196
8c0b5954114500641012b8e38dcab00ac4790359,MOVE,HTML/ace/worker-coffee.js:1,HTML/ace/mode/coffee/nodes.js:2145
8c0b5954114500641012b8e38dcab00ac4790359,MOVE,HTML/ace/ace.js:5832,HTML/ace/editor.js:262
8c0b5954114500641012b8e38dcab00ac4790359,MOVE,HTML/ace/worker-coffee.js:1,HTML/ace/mode/coffee/nodes.js:452
8c0b5954114500641012b8e38dcab00ac4790359,MOVE,HTML/ace/ace.js:9832,HTML/ace/selection.js:146
8c0b5954114500641012b8e38dcab00ac4790359,MOVE,HTML/ace/ace.js:14570,HTML/ace/layer/cursor.js:63
8c0b5954114500641012b8e38dcab00ac4790359,MOVE,HTML/ace/worker-coffee.js:1,HTML/ace/mode/coffee/nodes.js:1640
8c0b5954114500641012b8e38dcab00ac4790359,MOVE,HTML/ace/ace.js:14495,HTML/ace/layer/text.js:78
8c0b5954114500641012b8e38dcab00ac4790359,MOVE,HTML/ace/ace.js:12769,HTML/ace/edit_session/fold.js:61
8c0b5954114500641012b8e38dcab00ac4790359,MOVE,HTML/ace/ace.js:7869,HTML/ace/commands/default_commands.js:261
8c0b5954114500641012b8e38dcab00ac4790359,MOVE,HTML/ace/worker-css.js:1,HTML/ace/mode/css/csslint.js:3802
8c0b5954114500641012b8e38dcab00ac4790359,MOVE,HTML/ace/worker-coffee.js:1,HTML/ace/mode/coffee/lexer.js:363
8c0b5954114500641012b8e38dcab00ac4790359,MOVE_RENAME,HTML/ace/mode-markdown.js:1,HTML/ace/mode/xml_highlight_rules.js:43
8c0b5954114500641012b8e38dcab00ac4790359,MOVE,HTML/ace/ace.js:3312,HTML/pilot/event_emitter.js:45
8c0b5954114500641012b8e38dcab00ac4790359,MOVE,HTML/ace/ace.js:717,HTML/pilot/es5-shim.js:644
8c0b5954114500641012b8e38dcab00ac4790359,MOVE,HTML/ace/worker-coffee.js:1,HTML/ace/mode/coffee/nodes.js:223
8c0b5954114500641012b8e38dcab00ac4790359,MOVE,HTML/ace/ace.js:7476,HTML/pilot/browser_focus.js:89
8c0b5954114500641012b8e38dcab00ac4790359,MOVE,HTML/ace/ace.js:2908,HTML/pilot/stacktrace.js:256
8c0b5954114500641012b8e38dcab00ac4790359,MOVE,HTML/ace/ace.js:3554,HTML/pilot/lang.js:51
8c0b5954114500641012b8e38dcab00ac4790359,MOVE,HTML/ace/worker-coffee.js:1,HTML/ace/mode/coffee/lexer.js:39
8c0b5954114500641012b8e38dcab00ac4790359,MOVE,HTML/ace/worker-css.js:1,HTML/ace/mode/css/csslint.js:1707
8c0b5954114500641012b8e38dcab00ac4790359,MOVE,HTML/ace/ace.js:9912,HTML/ace/selection.js:226
8c0b5954114500641012b8e38dcab00ac4790359,MOVE,HTML/ace/ace.js:2221,HTML/pilot/canon.js:307
8c0b5954114500641012b8e38dcab00ac4790359,MOVE,HTML/ace/worker-coffee.js:1,HTML/ace/worker/worker.js:10
8c0b5954114500641012b8e38dcab00ac4790359,MOVE,HTML/ace/ace.js:7859,HTML/ace/commands/default_commands.js:251
8c0b5954114500641012b8e38dcab00ac4790359,MOVE,HTML/ace/worker-javascript.js:1,HTML/ace/narcissus/jsparse.js:386
8c0b5954114500641012b8e38dcab00ac4790359,MOVE,HTML/ace/ace.js:8089,HTML/ace/edit_session.js:114
8c0b5954114500641012b8e38dcab00ac4790359,MOVE,HTML/ace/worker-javascript.js:1,HTML/ace/narcissus/jsparse.js:970
8c0b5954114500641012b8e38dcab00ac4790359,MOVE,HTML/ace/ace.js:15206,HTML/ace/scrollbar.js:80
8c0b5954114500641012b8e38dcab00ac4790359,MOVE,HTML/ace/ace.js:807,HTML/pilot/es5-shim.js:744
8c0b5954114500641012b8e38dcab00ac4790359,MOVE,HTML/ace/ace.js:4853,HTML/pilot/promise.js:168
8c0b5954114500641012b8e38dcab00ac4790359,MOVE,HTML/ace/worker-javascript.js:1,HTML/ace/narcissus/jsparse.js:154
8c0b5954114500641012b8e38dcab00ac4790359,MOVE,HTML/ace/ace.js:11039,HTML/ace/mode/behaviour.js:71
8c0b5954114500641012b8e38dcab00ac4790359,MOVE,HTML/ace/ace.js:5863,HTML/ace/editor.js:293
8c0b5954114500641012b8e38dcab00ac4790359,MOVE,HTML/ace/ace.js:12877,HTML/ace/search.js:91
8c0b5954114500641012b8e38dcab00ac4790359,MOVE,HTML/ace/ace.js:3984,HTML/pilot/settings.js:192
8c0b5954114500641012b8e38dcab00ac4790359,MOVE,HTML/ace/worker-javascript.js:1,HTML/ace/narcissus/jsparse.js:1606
8c0b5954114500641012b8e38dcab00ac4790359,MOVE,HTML/ace/ace.js:14100,HTML/ace/layer/gutter.js:44
8c0b5954114500641012b8e38dcab00ac4790359,MOVE,HTML/ace/ace.js:6502,HTML/ace/editor.js:932
8c0b5954114500641012b8e38dcab00ac4790359,MOVE,HTML/ace/ace.js:14491,HTML/ace/layer/text.js:74
8c0b5954114500641012b8e38dcab00ac4790359,MOVE,HTML/ace/ace.js:2844,HTML/pilot/stacktrace.js:192
8c0b5954114500641012b8e38dcab00ac4790359,MOVE,HTML/ace/worker-css.js:1,HTML/ace/mode/css/csslint.js:215
8c0b5954114500641012b8e38dcab00ac4790359,MOVE,HTML/ace/ace.js:6374,HTML/ace/editor.js:804
8c0b5954114500641012b8e38dcab00ac4790359,MOVE,HTML/ace/ace.js:6618,HTML/ace/editor.js:1048
8c0b5954114500641012b8e38dcab00ac4790359,MOVE,HTML/ace/ace.js:8466,HTML/ace/edit_session.js:491
8c0b5954114500641012b8e38dcab00ac4790359,MOVE_RENAME,HTML/ace/mode-markdown.js:1,HTML/ace/mode/markdown_highlight_rules.js:56
8c0b5954114500641012b8e38dcab00ac4790359,MOVE,HTML/ace/ace.js:5289,HTML/pilot/event.js:44
8c0b5954114500641012b8e38dcab00ac4790359,MOVE,HTML/ace/ace.js:13569,HTML/ace/virtual_renderer.js:356
8c0b5954114500641012b8e38dcab00ac4790359,MOVE,HTML/ace/ace.js:13766,HTML/ace/virtual_renderer.js:553
8c0b5954114500641012b8e38dcab00ac4790359,MOVE,HTML/ace/ace.js:13838,HTML/ace/virtual_renderer.js:625
8c0b5954114500641012b8e38dcab00ac4790359,MOVE,HTML/ace/worker-css.js:1,HTML/ace/mode/css/csslint.js:5258
8c0b5954114500641012b8e38dcab00ac4790359,MOVE,HTML/ace/ace.js:8075,HTML/ace/edit_session.js:100
8c0b5954114500641012b8e38dcab00ac4790359,MOVE,HTML/ace/ace.js:4230,HTML/pilot/commands/settings.js:108
8c0b5954114500641012b8e38dcab00ac4790359,MOVE,HTML/ace/ace.js:4627,HTML/pilot/plugin_manager.js:101
8c0b5954114500641012b8e38dcab00ac4790359,MOVE,HTML/ace/ace.js:4655,HTML/pilot/plugin_manager.js:129
8c0b5954114500641012b8e38dcab00ac4790359,MOVE,HTML/ace/ace.js:10623,HTML/ace/mode/text.js:151
8c0b5954114500641012b8e38dcab00ac4790359,MOVE,HTML/ace/ace.js:13499,HTML/ace/virtual_renderer.js:286
8c0b5954114500641012b8e38dcab00ac4790359,MOVE,HTML/ace/worker-css.js:1,HTML/ace/mode/css/csslint.js:3843
8c0b5954114500641012b8e38dcab00ac4790359,MOVE,HTML/ace/ace.js:6238,HTML/ace/editor.js:668
8c0b5954114500641012b8e38dcab00ac4790359,MOVE,HTML/ace/ace.js:12943,HTML/ace/search.js:157
8c0b5954114500641012b8e38dcab00ac4790359,MOVE,HTML/ace/ace.js:14257,HTML/ace/layer/text.js:153
8c0b5954114500641012b8e38dcab00ac4790359,MOVE,HTML/ace/ace.js:11857,HTML/ace/background_tokenizer.js:91
8c0b5954114500641012b8e38dcab00ac4790359,MOVE,HTML/ace/ace.js:14499,HTML/ace/layer/text.js:82
8c0b5954114500641012b8e38dcab00ac4790359,MOVE,HTML/ace/ace.js:9785,HTML/ace/selection.js:99
8c0b5954114500641012b8e38dcab00ac4790359,MOVE,HTML/ace/ace.js:6789,HTML/ace/editor.js:1219
8c0b5954114500641012b8e38dcab00ac4790359,MOVE,HTML/ace/worker-coffee.js:1,HTML/ace/mode/coffee/nodes.js:458
8c0b5954114500641012b8e38dcab00ac4790359,MOVE,HTML/ace/ace.js:1728,HTML/pilot/types.js:171
8c0b5954114500641012b8e38dcab00ac4790359,MOVE,HTML/ace/ace.js:1452,HTML/pilot/types/basic.js:227
8c0b5954114500641012b8e38dcab00ac4790359,MOVE,HTML/ace/worker-javascript.js:1,HTML/ace/narcissus/jsparse.js:1022
8c0b5954114500641012b8e38dcab00ac4790359,MOVE,HTML/ace/ace.js:10445,HTML/ace/range.js:281
8c0b5954114500641012b8e38dcab00ac4790359,MOVE,HTML/ace/ace.js:1712,HTML/pilot/types.js:155
8c0b5954114500641012b8e38dcab00ac4790359,MOVE,HTML/ace/mode-markdown.js:1,HTML/ace/mode/css.js:80
8c0b5954114500641012b8e38dcab00ac4790359,MOVE,HTML/ace/worker-css.js:1,HTML/ace/mode/css/csslint.js:3027
8c0b5954114500641012b8e38dcab00ac4790359,MOVE,HTML/ace/ace.js:1480,HTML/pilot/types/basic.js:255
8c0b5954114500641012b8e38dcab00ac4790359,MOVE,HTML/ace/ace.js:7899,HTML/ace/commands/default_commands.js:291
8c0b5954114500641012b8e38dcab00ac4790359,MOVE,HTML/ace/ace.js:4796,HTML/pilot/promise.js:111
8c0b5954114500641012b8e38dcab00ac4790359,MOVE,HTML/ace/ace.js:4180,HTML/pilot/commands/settings.js:58
8c0b5954114500641012b8e38dcab00ac4790359,MOVE,HTML/ace/ace.js:1546,HTML/pilot/types/basic.js:321
8c0b5954114500641012b8e38dcab00ac4790359,MOVE,HTML/ace/worker-css.js:1,HTML/ace/mode/css/csslint.js:3364
8c0b5954114500641012b8e38dcab00ac4790359,MOVE,HTML/ace/ace.js:8280,HTML/ace/edit_session.js:278
8c0b5954114500641012b8e38dcab00ac4790359,MOVE,HTML/ace/ace.js:7764,HTML/ace/commands/default_commands.js:156
8c0b5954114500641012b8e38dcab00ac4790359,EXTRACT_MOVE,HTML/ace/ace.js:4644,HTML/ace/defaults.js:47
8c0b5954114500641012b8e38dcab00ac4790359,MOVE,HTML/ace/ace.js:5420,HTML/pilot/event.js:175
8c0b5954114500641012b8e38dcab00ac4790359,MOVE,HTML/ace/worker-javascript.js:1,HTML/ace/narcissus/jsdefs.js:273
8c0b5954114500641012b8e38dcab00ac4790359,MOVE,HTML/ace/ace.js:2900,HTML/pilot/stacktrace.js:248
8c0b5954114500641012b8e38dcab00ac4790359,MOVE,HTML/ace/ace.js:10520,HTML/ace/mode/text.js:48
8c0b5954114500641012b8e38dcab00ac4790359,MOVE,HTML/ace/ace.js:12668,HTML/ace/edit_session/fold_line.js:232
8c0b5954114500641012b8e38dcab00ac4790359,MOVE,HTML/ace/ace.js:5076,HTML/pilot/dom.js:127
8c0b5954114500641012b8e38dcab00ac4790359,MOVE,HTML/ace/ace.js:9387,HTML/ace/edit_session.js:1412
8c0b5954114500641012b8e38dcab00ac4790359,MOVE,HTML/ace/ace.js:5118,HTML/pilot/dom.js:169
8c0b5954114500641012b8e38dcab00ac4790359,MOVE,HTML/ace/ace.js:2499,HTML/pilot/canon.js:585
8c0b5954114500641012b8e38dcab00ac4790359,MOVE,HTML/ace/worker-css.js:1,HTML/ace/mode/css/csslint.js:5241
8c0b5954114500641012b8e38dcab00ac4790359,MOVE,HTML/ace/ace.js:6601,HTML/ace/editor.js:1031
8c0b5954114500641012b8e38dcab00ac4790359,MOVE,HTML/ace/ace.js:8623,HTML/ace/edit_session.js:648
8c0b5954114500641012b8e38dcab00ac4790359,MOVE,HTML/ace/ace.js:6129,HTML/ace/editor.js:559
8c0b5954114500641012b8e38dcab00ac4790359,MOVE,HTML/ace/ace.js:10037,HTML/ace/selection.js:351
8c0b5954114500641012b8e38dcab00ac4790359,MOVE,HTML/ace/ace.js:14676,HTML/ace/layer/text.js:259
8c0b5954114500641012b8e38dcab00ac4790359,MOVE,HTML/ace/ace.js:8233,HTML/ace/edit_session.js:258
8c0b5954114500641012b8e38dcab00ac4790359,MOVE,HTML/ace/ace.js:7348,HTML/ace/mouse_handler.js:280
8c0b5954114500641012b8e38dcab00ac4790359,MOVE,HTML/ace/ace.js:4099,HTML/pilot/settings.js:307
8c0b5954114500641012b8e38dcab00ac4790359,MOVE,HTML/ace/ace.js:7819,HTML/ace/commands/default_commands.js:211
8c0b5954114500641012b8e38dcab00ac4790359,MOVE,HTML/ace/ace.js:4103,HTML/pilot/settings.js:311
8c0b5954114500641012b8e38dcab00ac4790359,MOVE,HTML/ace/ace.js:9847,HTML/ace/selection.js:161
8c0b5954114500641012b8e38dcab00ac4790359,EXTRACT_MOVE,HTML/ace/ace.js:4627,HTML/ace/defaults.js:43
8c0b5954114500641012b8e38dcab00ac4790359,MOVE,HTML/ace/ace.js:10770,HTML/ace/tokenizer.js:77
8c0b5954114500641012b8e38dcab00ac4790359,MOVE,HTML/ace/ace.js:8560,HTML/ace/edit_session.js:585
8c0b5954114500641012b8e38dcab00ac4790359,MOVE,HTML/ace/ace.js:3130,HTML/pilot/oop.js:41
8c0b5954114500641012b8e38dcab00ac4790359,MOVE,HTML/ace/ace.js:1620,HTML/pilot/types.js:63
8c0b5954114500641012b8e38dcab00ac4790359,MOVE,HTML/ace/ace.js:10292,HTML/ace/range.js:128
8c0b5954114500641012b8e38dcab00ac4790359,MOVE,HTML/ace/worker-coffee.js:1,HTML/ace/mode/coffee/nodes.js:2162
8c0b5954114500641012b8e38dcab00ac4790359,MOVE,HTML/ace/worker-coffee.js:1,HTML/ace/mode/coffee/nodes.js:1829
8c0b5954114500641012b8e38dcab00ac4790359,MOVE,HTML/ace/ace.js:5671,HTML/ace/editor.js:101
8c0b5954114500641012b8e38dcab00ac4790359,MOVE,HTML/ace/ace.js:13937,HTML/ace/virtual_renderer.js:724
8c0b5954114500641012b8e38dcab00ac4790359,RENAME,HTML/ace/mode-markdown.js:1,HTML/ace/mode/html_highlight_rules.js:49
8c0b5954114500641012b8e38dcab00ac4790359,MOVE,HTML/ace/ace.js:6668,HTML/ace/editor.js:1098
8c0b5954114500641012b8e38dcab00ac4790359,MOVE,HTML/ace/ace.js:334,HTML/pilot/es5-shim.js:210
8c0b5954114500641012b8e38dcab00ac4790359,MOVE,HTML/ace/worker-css.js:1,HTML/ace/mode/css/csslint.js:206
8c0b5954114500641012b8e38dcab00ac4790359,MOVE,HTML/ace/ace.js:13548,HTML/ace/virtual_renderer.js:335
8c0b5954114500641012b8e38dcab00ac4790359,MOVE,HTML/ace/ace.js:3418,HTML/pilot/typecheck.js:59
8c0b5954114500641012b8e38dcab00ac4790359,MOVE,HTML/ace/ace.js:6750,HTML/ace/editor.js:1180
8c0b5954114500641012b8e38dcab00ac4790359,MOVE,HTML/ace/ace.js:3854,HTML/pilot/settings.js:62
8c0b5954114500641012b8e38dcab00ac4790359,MOVE,HTML/ace/ace.js:11621,HTML/ace/anchor.js:47
8c0b5954114500641012b8e38dcab00ac4790359,MOVE,HTML/ace/ace.js:3139,HTML/pilot/oop.js:50
8c0b5954114500641012b8e38dcab00ac4790359,MOVE,HTML/ace/ace.js:6091,HTML/ace/editor.js:521
8c0b5954114500641012b8e38dcab00ac4790359,MOVE,HTML/ace/worker-coffee.js:1,HTML/ace/worker/worker.js:61
8c0b5954114500641012b8e38dcab00ac4790359,MOVE,HTML/ace/ace.js:6197,HTML/ace/editor.js:627
8c0b5954114500641012b8e38dcab00ac4790359,MOVE,HTML/ace/ace.js:13917,HTML/ace/virtual_renderer.js:704
8c0b5954114500641012b8e38dcab00ac4790359,MOVE,HTML/ace/ace.js:5139,HTML/pilot/dom.js:190
8c0b5954114500641012b8e38dcab00ac4790359,MOVE,HTML/ace/ace.js:7864,HTML/ace/commands/default_commands.js:256
8c0b5954114500641012b8e38dcab00ac4790359,MOVE,HTML/ace/ace.js:5038,HTML/pilot/dom.js:89
8c0b5954114500641012b8e38dcab00ac4790359,MOVE,HTML/ace/ace.js:7744,HTML/ace/commands/default_commands.js:136
8c0b5954114500641012b8e38dcab00ac4790359,MOVE,HTML/ace/ace.js:9988,HTML/ace/selection.js:302
8c0b5954114500641012b8e38dcab00ac4790359,MOVE,HTML/ace/ace.js:8257,HTML/ace/edit_session.js:282
8c0b5954114500641012b8e38dcab00ac4790359,MOVE,HTML/ace/ace.js:1072,HTML/pilot/regexp.js:97
8c0b5954114500641012b8e38dcab00ac4790359,MOVE,HTML/ace/ace.js:15194,HTML/ace/scrollbar.js:68
8c0b5954114500641012b8e38dcab00ac4790359,MOVE,HTML/ace/ace.js:8402,HTML/ace/edit_session.js:427
8c0b5954114500641012b8e38dcab00ac4790359,MOVE,HTML/ace/ace.js:7472,HTML/pilot/browser_focus.js:85
8c0b5954114500641012b8e38dcab00ac4790359,MOVE,HTML/ace/ace.js:7804,HTML/ace/commands/default_commands.js:196
8c0b5954114500641012b8e38dcab00ac4790359,MOVE,HTML/ace/ace.js:10441,HTML/ace/range.js:277
8c0b5954114500641012b8e38dcab00ac4790359,MOVE,HTML/ace/ace.js:4789,HTML/pilot/promise.js:104
8c0b5954114500641012b8e38dcab00ac4790359,MOVE,HTML/ace/ace.js:13882,HTML/ace/virtual_renderer.js:669
8c0b5954114500641012b8e38dcab00ac4790359,MOVE,HTML/ace/ace.js:7739,HTML/ace/commands/default_commands.js:131
8c0b5954114500641012b8e38dcab00ac4790359,MOVE,HTML/ace/ace.js:8146,HTML/ace/edit_session.js:171
8c0b5954114500641012b8e38dcab00ac4790359,MOVE,HTML/ace/ace.js:314,HTML/pilot/es5-shim.js:177
8c0b5954114500641012b8e38dcab00ac4790359,MOVE,HTML/ace/ace.js:3715,HTML/pilot/types/settings.js:62
8c0b5954114500641012b8e38dcab00ac4790359,MOVE,HTML/ace/ace.js:5628,HTML/ace/editor.js:58
8c0b5954114500641012b8e38dcab00ac4790359,MOVE,HTML/ace/ace.js:11033,HTML/ace/mode/behaviour.js:65
8c0b5954114500641012b8e38dcab00ac4790359,MOVE,HTML/ace/ace.js:1807,HTML/pilot/types.js:250
8c0b5954114500641012b8e38dcab00ac4790359,MOVE,HTML/ace/ace.js:15313,HTML/ace/renderloop.js:96
8c0b5954114500641012b8e38dcab00ac4790359,MOVE,HTML/ace/ace.js:7956,HTML/ace/commands/default_commands.js:348
8c0b5954114500641012b8e38dcab00ac4790359,MOVE,HTML/ace/ace.js:8710,HTML/ace/edit_session.js:735
8c0b5954114500641012b8e38dcab00ac4790359,MOVE,HTML/ace/ace.js:7695,HTML/ace/commands/default_commands.js:87
8c0b5954114500641012b8e38dcab00ac4790359,MOVE,HTML/ace/ace.js:6219,HTML/ace/editor.js:649
8c0b5954114500641012b8e38dcab00ac4790359,MOVE,HTML/ace/ace.js:5804,HTML/ace/editor.js:234
8c0b5954114500641012b8e38dcab00ac4790359,MOVE,HTML/ace/ace.js:15049,HTML/ace/layer/cursor.js:67
8c0b5954114500641012b8e38dcab00ac4790359,MOVE,HTML/ace/ace.js:5780,HTML/ace/editor.js:210
8c0b5954114500641012b8e38dcab00ac4790359,MOVE,HTML/ace/ace.js:13991,HTML/ace/virtual_renderer.js:778
8c0b5954114500641012b8e38dcab00ac4790359,MOVE,HTML/ace/ace.js:5942,HTML/ace/editor.js:372
8c0b5954114500641012b8e38dcab00ac4790359,MOVE,HTML/ace/worker-javascript.js:1,HTML/ace/narcissus/jsparse.js:124
8c0b5954114500641012b8e38dcab00ac4790359,INLINE,HTML/ace/ace.js:3901,HTML/ace/mode/css/csslint.js:706
8c0b5954114500641012b8e38dcab00ac4790359,MOVE,HTML/ace/ace.js:7973,HTML/ace/commands/default_commands.js:365
8c0b5954114500641012b8e38dcab00ac4790359,MOVE,HTML/ace/ace.js:11645,HTML/ace/anchor.js:71
8c0b5954114500641012b8e38dcab00ac4790359,MOVE,HTML/ace/ace.js:2393,HTML/pilot/canon.js:479
8c0b5954114500641012b8e38dcab00ac4790359,MOVE,HTML/ace/ace.js:6781,HTML/ace/editor.js:1211
8c0b5954114500641012b8e38dcab00ac4790359,MOVE,HTML/ace/ace.js:6568,HTML/ace/editor.js:998
8c0b5954114500641012b8e38dcab00ac4790359,MOVE,HTML/ace/ace.js:11164,HTML/ace/unicode.js:100
8c0b5954114500641012b8e38dcab00ac4790359,MOVE,HTML/ace/ace.js:1485,HTML/pilot/types/basic.js:260
8c0b5954114500641012b8e38dcab00ac4790359,MOVE,HTML/ace/ace.js:4999,HTML/pilot/dom.js:50
8c0b5954114500641012b8e38dcab00ac4790359,MOVE,HTML/ace/ace.js:8062,HTML/ace/edit_session.js:87
8c0b5954114500641012b8e38dcab00ac4790359,MOVE,HTML/ace/ace.js:11258,HTML/ace/document.js:89
8c0b5954114500641012b8e38dcab00ac4790359,MOVE,HTML/ace/worker-coffee.js:1,HTML/ace/mode/coffee/nodes.js:490
8c0b5954114500641012b8e38dcab00ac4790359,MOVE,HTML/ace/worker-coffee.js:1,HTML/ace/mode/coffee/nodes.js:600
8c0b5954114500641012b8e38dcab00ac4790359,MOVE,HTML/ace/worker-coffee.js:1,HTML/ace/mode/coffee/nodes.js:117
8c0b5954114500641012b8e38dcab00ac4790359,MOVE,HTML/ace/ace.js:14265,HTML/ace/layer/marker.js:66
8c0b5954114500641012b8e38dcab00ac4790359,MOVE,HTML/ace/ace.js:4521,HTML/pilot/settings/canon.js:52
8c0b5954114500641012b8e38dcab00ac4790359,MOVE,HTML/ace/ace.js:6513,HTML/ace/editor.js:943
8c0b5954114500641012b8e38dcab00ac4790359,MOVE,HTML/ace/ace.js:11239,HTML/ace/document.js:70
8c0b5954114500641012b8e38dcab00ac4790359,MOVE,HTML/ace/worker-javascript.js:1,HTML/ace/narcissus/jsdefs.js:549
8c0b5954114500641012b8e38dcab00ac4790359,MOVE,HTML/ace/ace.js:13197,HTML/ace/undomanager.js:77
8c0b5954114500641012b8e38dcab00ac4790359,MOVE_RENAME,HTML/ace/mode-markdown.js:1,HTML/ace/mode/html_highlight_rules.js:45
8c0b5954114500641012b8e38dcab00ac4790359,MOVE,HTML/ace/worker-coffee.js:1,HTML/ace/mode/coffee/nodes.js:1113
8c0b5954114500641012b8e38dcab00ac4790359,MOVE,HTML/ace/ace.js:13886,HTML/ace/virtual_renderer.js:673
8c0b5954114500641012b8e38dcab00ac4790359,MOVE,HTML/ace/ace.js:13387,HTML/ace/virtual_renderer.js:174
8c0b5954114500641012b8e38dcab00ac4790359,MOVE,HTML/ace/ace.js:2225,HTML/pilot/canon.js:311
8c0b5954114500641012b8e38dcab00ac4790359,MOVE,HTML/ace/worker-css.js:1,HTML/ace/mode/css/csslint.js:3344
8c0b5954114500641012b8e38dcab00ac4790359,MOVE,HTML/ace/ace.js:7794,HTML/ace/commands/default_commands.js:186
8c0b5954114500641012b8e38dcab00ac4790359,MOVE,HTML/ace/worker-coffee.js:1,HTML/ace/mode/coffee/nodes.js:398
8c0b5954114500641012b8e38dcab00ac4790359,MOVE,HTML/ace/ace.js:15045,HTML/ace/layer/marker.js:58
8c0b5954114500641012b8e38dcab00ac4790359,MOVE,HTML/ace/ace.js:8318,HTML/ace/edit_session.js:343
8c0b5954114500641012b8e38dcab00ac4790359,MOVE,HTML/ace/worker-javascript.js:1,HTML/ace/narcissus/jsparse.js:320
8c0b5954114500641012b8e38dcab00ac4790359,MOVE,HTML/ace/ace.js:13834,HTML/ace/virtual_renderer.js:621
8c0b5954114500641012b8e38dcab00ac4790359,MOVE,HTML/ace/ace.js:15062,HTML/ace/layer/cursor.js:80
8c0b5954114500641012b8e38dcab00ac4790359,MOVE_RENAME,HTML/ace/mode-svg.js:1,HTML/ace/mode/svg.js:47
8c0b5954114500641012b8e38dcab00ac4790359,MOVE,HTML/ace/ace.js:8071,HTML/ace/edit_session.js:96
8c0b5954114500641012b8e38dcab00ac4790359,MOVE,HTML/ace/worker-css.js:1,HTML/ace/mode/css/csslint.js:4733
8c0b5954114500641012b8e38dcab00ac4790359,MOVE,HTML/ace/ace.js:14466,HTML/ace/layer/text.js:49
8c0b5954114500641012b8e38dcab00ac4790359,MOVE,HTML/ace/ace.js:6727,HTML/ace/editor.js:1157
8c0b5954114500641012b8e38dcab00ac4790359,MOVE,HTML/ace/ace.js:2814,HTML/pilot/stacktrace.js:162
8c0b5954114500641012b8e38dcab00ac4790359,MOVE,HTML/ace/ace.js:15041,HTML/ace/layer/marker.js:55
8c0b5954114500641012b8e38dcab00ac4790359,MOVE,HTML/ace/worker-css.js:1,HTML/ace/mode/css/csslint.js:509
8c0b5954114500641012b8e38dcab00ac4790359,MOVE,HTML/ace/ace.js:8656,HTML/ace/edit_session.js:681
8c0b5954114500641012b8e38dcab00ac4790359,MOVE,HTML/ace/ace.js:12909,HTML/ace/search.js:123
8c0b5954114500641012b8e38dcab00ac4790359,MOVE,HTML/ace/ace.js:11872,HTML/ace/background_tokenizer.js:106
8c0b5954114500641012b8e38dcab00ac4790359,MOVE,HTML/ace/ace.js:13948,HTML/ace/virtual_renderer.js:735
8c0b5954114500641012b8e38dcab00ac4790359,MOVE,HTML/ace/ace.js:8210,HTML/ace/edit_session.js:235
8c0b5954114500641012b8e38dcab00ac4790359,MOVE,HTML/ace/ace.js:6442,HTML/ace/editor.js:872
8c0b5954114500641012b8e38dcab00ac4790359,MOVE,HTML/ace/ace.js:3570,HTML/pilot/lang.js:67
8c0b5954114500641012b8e38dcab00ac4790359,MOVE,HTML/ace/ace.js:7546,HTML/ace/keyboard/keybinding.js:55
8c0b5954114500641012b8e38dcab00ac4790359,MOVE_RENAME,HTML/ace/mode-textile.js:1,HTML/ace/mode/textile_highlight_rules.js:43
8c0b5954114500641012b8e38dcab00ac4790359,MOVE,HTML/ace/worker-javascript.js:1,HTML/ace/narcissus/jsdefs.js:611
8c0b5954114500641012b8e38dcab00ac4790359,MOVE,HTML/ace/ace.js:5194,HTML/pilot/dom.js:245
8c0b5954114500641012b8e38dcab00ac4790359,MOVE,HTML/ace/worker-coffee.js:1,HTML/ace/mode/coffee/nodes.js:1481
8c0b5954114500641012b8e38dcab00ac4790359,MOVE,HTML/ace/mode-markdown.js:1,HTML/ace/mode/javascript.js:127
8c0b5954114500641012b8e38dcab00ac4790359,MOVE,HTML/ace/ace.js:11048,HTML/ace/mode/behaviour.js:80
8c0b5954114500641012b8e38dcab00ac4790359,MOVE,HTML/ace/ace.js:4762,HTML/pilot/promise.js:77
8c0b5954114500641012b8e38dcab00ac4790359,MOVE,HTML/ace/ace.js:9896,HTML/ace/selection.js:210
8c0b5954114500641012b8e38dcab00ac4790359,MOVE,HTML/ace/ace.js:9967,HTML/ace/selection.js:281
8c0b5954114500641012b8e38dcab00ac4790359,MOVE,HTML/ace/ace.js:13609,HTML/ace/virtual_renderer.js:396
8c0b5954114500641012b8e38dcab00ac4790359,MOVE,HTML/ace/worker-javascript.js:1,HTML/ace/narcissus/jsparse.js:244
8c0b5954114500641012b8e38dcab00ac4790359,MOVE,HTML/ace/ace.js:7553,HTML/ace/keyboard/keybinding.js:62
8c0b5954114500641012b8e38dcab00ac4790359,MOVE,HTML/ace/worker-css.js:1,HTML/ace/mode/css/csslint.js:706
8c0b5954114500641012b8e38dcab00ac4790359,MOVE,HTML/ace/ace.js:5877,HTML/ace/editor.js:307
8c0b5954114500641012b8e38dcab00ac4790359,MOVE,HTML/ace/ace.js:2526,HTML/pilot/canon.js:612
8c0b5954114500641012b8e38dcab00ac4790359,MOVE,HTML/ace/ace.js:7759,HTML/ace/commands/default_commands.js:151
8c0b5954114500641012b8e38dcab00ac4790359,MOVE,HTML/ace/ace.js:4611,HTML/pilot/plugin_manager.js:85
8c0b5954114500641012b8e38dcab00ac4790359,MOVE,HTML/ace/worker-css.js:1,HTML/ace/mode/css/csslint.js:2037
8c0b5954114500641012b8e38dcab00ac4790359,MOVE,HTML/ace/ace.js:3558,HTML/pilot/lang.js:55
8c0b5954114500641012b8e38dcab00ac4790359,MOVE,HTML/ace/ace.js:7829,HTML/ace/commands/default_commands.js:221
8c0b5954114500641012b8e38dcab00ac4790359,MOVE,HTML/ace/ace.js:10572,HTML/ace/mode/text.js:100
8c0b5954114500641012b8e38dcab00ac4790359,MOVE,HTML/ace/ace.js:7927,HTML/ace/commands/default_commands.js:319
8c0b5954114500641012b8e38dcab00ac4790359,MOVE,HTML/ace/ace.js:814,HTML/pilot/es5-shim.js:751
8c0b5954114500641012b8e38dcab00ac4790359,MOVE,HTML/ace/ace.js:2635,HTML/pilot/console.js:59
8c0b5954114500641012b8e38dcab00ac4790359,MOVE,HTML/ace/worker-css.js:1,HTML/ace/mode/css/csslint.js:1947
8c0b5954114500641012b8e38dcab00ac4790359,MOVE,HTML/ace/ace.js:9794,HTML/ace/selection.js:108
8c0b5954114500641012b8e38dcab00ac4790359,MOVE,HTML/ace/ace.js:13792,HTML/ace/virtual_renderer.js:579
8c0b5954114500641012b8e38dcab00ac4790359,MOVE,HTML/ace/ace.js:11015,HTML/ace/mode/behaviour.js:47
8c0b5954114500641012b8e38dcab00ac4790359,MOVE,HTML/ace/ace.js:14130,HTML/ace/layer/gutter.js:74
8c0b5954114500641012b8e38dcab00ac4790359,MOVE,HTML/ace/ace.js:6309,HTML/ace/editor.js:739
8c0b5954114500641012b8e38dcab00ac4790359,MOVE,HTML/ace/worker-css.js:1,HTML/ace/mode/css/csslint.js:5846
8c0b5954114500641012b8e38dcab00ac4790359,MOVE,HTML/ace/ace.js:12979,HTML/ace/search.js:193
8c0b5954114500641012b8e38dcab00ac4790359,MOVE,HTML/ace/ace.js:3340,HTML/pilot/event_emitter.js:73
8c0b5954114500641012b8e38dcab00ac4790359,MOVE,HTML/ace/worker-css.js:1,HTML/ace/mode/css/csslint.js:5273
8c0b5954114500641012b8e38dcab00ac4790359,MOVE,HTML/ace/worker-css.js:1,HTML/ace/mode/css/csslint.js:4699
8c0b5954114500641012b8e38dcab00ac4790359,MOVE,HTML/ace/ace.js:13587,HTML/ace/virtual_renderer.js:374
8c0b5954114500641012b8e38dcab00ac4790359,MOVE,HTML/ace/ace.js:8245,HTML/ace/edit_session.js:270
8c0b5954114500641012b8e38dcab00ac4790359,MOVE,HTML/ace/ace.js:10218,HTML/ace/range.js:54
8c0b5954114500641012b8e38dcab00ac4790359,MOVE,HTML/ace/ace.js:6407,HTML/ace/editor.js:837
8c0b5954114500641012b8e38dcab00ac4790359,MOVE,HTML/ace/worker-javascript.js:1,HTML/ace/narcissus/jsdefs.js:631
8c0b5954114500641012b8e38dcab00ac4790359,MOVE,HTML/ace/ace.js:6582,HTML/ace/editor.js:1012
8c0b5954114500641012b8e38dcab00ac4790359,MOVE,HTML/ace/worker-css.js:1,HTML/ace/mode/css/csslint.js:3109
8c0b5954114500641012b8e38dcab00ac4790359,MOVE,HTML/ace/ace.js:7839,HTML/ace/commands/default_commands.js:231
8c0b5954114500641012b8e38dcab00ac4790359,MOVE,HTML/ace/ace.js:2278,HTML/pilot/canon.js:364
8c0b5954114500641012b8e38dcab00ac4790359,MOVE,HTML/ace/ace.js:13186,HTML/ace/undomanager.js:66
8c0b5954114500641012b8e38dcab00ac4790359,MOVE,HTML/ace/ace.js:10552,HTML/ace/mode/text.js:80
8c0b5954114500641012b8e38dcab00ac4790359,MOVE,HTML/ace/ace.js:4644,HTML/pilot/plugin_manager.js:118
8c0b5954114500641012b8e38dcab00ac4790359,MOVE,HTML/ace/ace.js:10420,HTML/ace/range.js:256
8c0b5954114500641012b8e38dcab00ac4790359,MOVE,HTML/ace/ace.js:10009,HTML/ace/selection.js:323
8c0b5954114500641012b8e38dcab00ac4790359,MOVE,HTML/ace/ace.js:8777,HTML/ace/edit_session.js:802
8c0b5954114500641012b8e38dcab00ac4790359,MOVE,HTML/ace/ace.js:4993,HTML/pilot/dom.js:44
8c0b5954114500641012b8e38dcab00ac4790359,MOVE,HTML/ace/ace.js:11282,HTML/ace/document.js:113
8c0b5954114500641012b8e38dcab00ac4790359,MOVE,HTML/ace/ace.js:6578,HTML/ace/editor.js:1008
8c0b5954114500641012b8e38dcab00ac4790359,MOVE,HTML/ace/worker-javascript.js:1,HTML/ace/narcissus/jsdefs.js:297
8c0b5954114500641012b8e38dcab00ac4790359,MOVE,HTML/ace/ace.js:11320,HTML/ace/document.js:151
8c0b5954114500641012b8e38dcab00ac4790359,MOVE,HTML/ace/ace.js:5108,HTML/pilot/dom.js:159
8c0b5954114500641012b8e38dcab00ac4790359,MOVE,HTML/ace/ace.js:4458,HTML/pilot/commands/basic.js:201
8c0b5954114500641012b8e38dcab00ac4790359,MOVE,HTML/ace/worker-css.js:1,HTML/ace/mode/css/csslint.js:877
8c0b5954114500641012b8e38dcab00ac4790359,MOVE,HTML/ace/ace.js:14815,HTML/ace/layer/text.js:398
8c0b5954114500641012b8e38dcab00ac4790359,MOVE,HTML/ace/ace.js:3327,HTML/pilot/event_emitter.js:60
8c0b5954114500641012b8e38dcab00ac4790359,MOVE,HTML/ace/ace.js:5663,HTML/ace/editor.js:93
8c0b5954114500641012b8e38dcab00ac4790359,MOVE,HTML/ace/ace.js:3425,HTML/pilot/typecheck.js:66
8c0b5954114500641012b8e38dcab00ac4790359,MOVE,HTML/ace/ace.js:13479,HTML/ace/virtual_renderer.js:266
8c0b5954114500641012b8e38dcab00ac4790359,EXTRACT_MOVE,HTML/ace/worker-coffee.js:1,HTML/ace/mode/coffee/nodes.js:1493
8c0b5954114500641012b8e38dcab00ac4790359,MOVE,HTML/ace/worker-coffee.js:1,HTML/ace/mode/coffee/nodes.js:472
8c0b5954114500641012b8e38dcab00ac4790359,MOVE_RENAME,HTML/ace/worker-coffee.js:1,HTML/ace/mode/coffee/parser.js:1
8c0b5954114500641012b8e38dcab00ac4790359,MOVE,HTML/ace/worker-coffee.js:1,HTML/ace/mode/coffee/nodes.js:796
8c0b5954114500641012b8e38dcab00ac4790359,MOVE,HTML/ace/ace.js:10452,HTML/ace/range.js:288
8c0b5954114500641012b8e38dcab00ac4790359,MOVE,HTML/ace/ace.js:6524,HTML/ace/editor.js:954
8c0b5954114500641012b8e38dcab00ac4790359,MOVE,HTML/ace/ace.js:2191,HTML/pilot/canon.js:277
8c0b5954114500641012b8e38dcab00ac4790359,MOVE,HTML/ace/ace.js:8764,HTML/ace/edit_session.js:789
8c0b5954114500641012b8e38dcab00ac4790359,MOVE,HTML/ace/worker-css.js:1,HTML/ace/mode/css/csslint.js:1736
8c0b5954114500641012b8e38dcab00ac4790359,MOVE,HTML/ace/worker-css.js:1,HTML/ace/mode/css/csslint.js:3369
8c0b5954114500641012b8e38dcab00ac4790359,MOVE,HTML/ace/ace.js:5796,HTML/ace/editor.js:226
8c0b5954114500641012b8e38dcab00ac4790359,MOVE,HTML/ace/ace.js:1014,HTML/pilot/regexp.js:39
8c0b5954114500641012b8e38dcab00ac4790359,MOVE,HTML/ace/ace.js:7968,HTML/ace/commands/default_commands.js:360
8c0b5954114500641012b8e38dcab00ac4790359,MOVE,HTML/ace/ace.js:5954,HTML/ace/editor.js:384
8c0b5954114500641012b8e38dcab00ac4790359,MOVE,HTML/ace/ace.js:13815,HTML/ace/virtual_renderer.js:602
8c0b5954114500641012b8e38dcab00ac4790359,MOVE,HTML/ace/ace.js:15173,HTML/ace/scrollbar.js:45
8c0b5954114500641012b8e38dcab00ac4790359,MOVE,HTML/ace/ace.js:5327,HTML/pilot/event.js:82
8c0b5954114500641012b8e38dcab00ac4790359,MOVE,HTML/ace/ace.js:8492,HTML/ace/edit_session.js:517
8c0b5954114500641012b8e38dcab00ac4790359,MOVE,HTML/ace/ace.js:9908,HTML/ace/selection.js:222
8c0b5954114500641012b8e38dcab00ac4790359,MOVE,HTML/ace/ace.js:2837,HTML/pilot/stacktrace.js:185
8c0b5954114500641012b8e38dcab00ac4790359,MOVE,HTML/ace/ace.js:3786,HTML/pilot/types/settings.js:133
8c0b5954114500641012b8e38dcab00ac4790359,MOVE,HTML/ace/ace.js:12514,HTML/ace/edit_session/fold_line.js:78
8c0b5954114500641012b8e38dcab00ac4790359,MOVE,HTML/ace/ace.js:1736,HTML/pilot/types.js:179
8c0b5954114500641012b8e38dcab00ac4790359,MOVE,HTML/ace/ace.js:1313,HTML/pilot/types/basic.js:88
8c0b5954114500641012b8e38dcab00ac4790359,MOVE,HTML/ace/ace.js:6564,HTML/ace/editor.js:994
8c0b5954114500641012b8e38dcab00ac4790359,MOVE,HTML/ace/ace.js:3562,HTML/pilot/lang.js:59
8c0b5954114500641012b8e38dcab00ac4790359,MOVE,HTML/ace/ace.js:6452,HTML/ace/editor.js:882
8c0b5954114500641012b8e38dcab00ac4790359,MOVE,HTML/ace/ace.js:9274,HTML/ace/edit_session.js:1299
8c0b5954114500641012b8e38dcab00ac4790359,MOVE,HTML/ace/ace.js:4086,HTML/pilot/settings.js:294
8c0b5954114500641012b8e38dcab00ac4790359,MOVE,HTML/ace/ace.js:13961,HTML/ace/virtual_renderer.js:748
8c0b5954114500641012b8e38dcab00ac4790359,MOVE,HTML/ace/ace.js:1518,HTML/pilot/types/basic.js:293
8c0b5954114500641012b8e38dcab00ac4790359,MOVE,HTML/ace/ace.js:3481,HTML/pilot/catalog.js:43
8c0b5954114500641012b8e38dcab00ac4790359,MOVE,HTML/ace/ace.js:12482,HTML/ace/edit_session/fold_line.js:46
8c0b5954114500641012b8e38dcab00ac4790359,MOVE,HTML/ace/ace.js:9959,HTML/ace/selection.js:273
8c0b5954114500641012b8e38dcab00ac4790359,EXTRACT_MOVE,HTML/ace/ace.js:1213,HTML/ace/defaults.js:47
8c0b5954114500641012b8e38dcab00ac4790359,MOVE,HTML/ace/ace.js:1638,HTML/pilot/types.js:81
8c0b5954114500641012b8e38dcab00ac4790359,MOVE,HTML/ace/worker-css.js:1,HTML/ace/mode/css/csslint.js:3391
8c0b5954114500641012b8e38dcab00ac4790359,MOVE,HTML/ace/ace.js:10302,HTML/ace/range.js:138
8c0b5954114500641012b8e38dcab00ac4790359,MOVE,HTML/ace/ace.js:8506,HTML/ace/edit_session.js:531
8c0b5954114500641012b8e38dcab00ac4790359,MOVE,HTML/ace/ace.js:13894,HTML/ace/virtual_renderer.js:681
8c0b5954114500641012b8e38dcab00ac4790359,MOVE,HTML/ace/ace.js:6150,HTML/ace/editor.js:580
8c0b5954114500641012b8e38dcab00ac4790359,MOVE,HTML/ace/worker-css.js:1,HTML/ace/mode/css_worker.js:53
8c0b5954114500641012b8e38dcab00ac4790359,MOVE,HTML/ace/ace.js:11293,HTML/ace/document.js:124
8c0b5954114500641012b8e38dcab00ac4790359,MOVE,HTML/ace/ace.js:12657,HTML/ace/edit_session/fold_line.js:221
8c0b5954114500641012b8e38dcab00ac4790359,MOVE,HTML/ace/ace.js:11487,HTML/ace/document.js:318
8c0b5954114500641012b8e38dcab00ac4790359,MOVE,HTML/ace/worker-css.js:1,HTML/ace/mode/css/csslint.js:2646
8c0b5954114500641012b8e38dcab00ac4790359,MOVE,HTML/ace/ace.js:9153,HTML/ace/edit_session.js:1178
8c0b5954114500641012b8e38dcab00ac4790359,MOVE,HTML/ace/ace.js:9871,HTML/ace/selection.js:185
8c0b5954114500641012b8e38dcab00ac4790359,MOVE,HTML/ace/ace.js:14962,HTML/ace/layer/text.js:545
8c0b5954114500641012b8e38dcab00ac4790359,MOVE,HTML/ace/ace.js:13540,HTML/ace/virtual_renderer.js:327
8c0b5954114500641012b8e38dcab00ac4790359,MOVE,HTML/ace/ace.js:12544,HTML/ace/edit_session/fold_line.js:108
8c0b5954114500641012b8e38dcab00ac4790359,MOVE,HTML/ace/ace.js:1823,HTML/pilot/types.js:266
8c0b5954114500641012b8e38dcab00ac4790359,MOVE,HTML/ace/ace.js:3543,HTML/pilot/lang.js:40
8c0b5954114500641012b8e38dcab00ac4790359,MOVE,HTML/ace/ace.js:14575,HTML/ace/layer/text.js:158
8c0b5954114500641012b8e38dcab00ac4790359,MOVE,HTML/ace/ace.js:14390,HTML/ace/layer/marker.js:191
8c0b5954114500641012b8e38dcab00ac4790359,MOVE,HTML/ace/ace.js:11429,HTML/ace/document.js:260
8c0b5954114500641012b8e38dcab00ac4790359,MOVE,HTML/ace/worker-css.js:1,HTML/ace/mode/css/csslint.js:81
8c0b5954114500641012b8e38dcab00ac4790359,MOVE,HTML/ace/ace.js:9924,HTML/ace/selection.js:238
8c0b5954114500641012b8e38dcab00ac4790359,MOVE,HTML/ace/ace.js:14315,HTML/ace/layer/marker.js:116
8c0b5954114500641012b8e38dcab00ac4790359,MOVE,HTML/ace/ace.js:4051,HTML/pilot/settings.js:259
8c0b5954114500641012b8e38dcab00ac4790359,MOVE,HTML/ace/worker-javascript.js:1,HTML/ace/narcissus/jsdefs.js:478
8c0b5954114500641012b8e38dcab00ac4790359,MOVE,HTML/ace/ace.js:5187,HTML/pilot/dom.js:238
8c0b5954114500641012b8e38dcab00ac4790359,MOVE,HTML/ace/ace.js:6738,HTML/ace/editor.js:1168
8c0b5954114500641012b8e38dcab00ac4790359,MOVE,HTML/ace/ace.js:6785,HTML/ace/editor.js:1215
8c0b5954114500641012b8e38dcab00ac4790359,MOVE,HTML/ace/worker-coffee.js:1,HTML/ace/mode/coffee/nodes.js:1550
8c0b5954114500641012b8e38dcab00ac4790359,MOVE,HTML/ace/worker-css.js:1,HTML/ace/mode/css/csslint.js:1656
8c0b5954114500641012b8e38dcab00ac4790359,MOVE,HTML/ace/ace.js:5938,HTML/ace/editor.js:368
8c0b5954114500641012b8e38dcab00ac4790359,MOVE,HTML/ace/ace.js:11884,HTML/ace/background_tokenizer.js:118
8c0b5954114500641012b8e38dcab00ac4790359,MOVE,HTML/ace/ace.js:13484,HTML/ace/virtual_renderer.js:271
8c0b5954114500641012b8e38dcab00ac4790359,MOVE,HTML/ace/ace.js:13175,HTML/ace/undomanager.js:55
8c0b5954114500641012b8e38dcab00ac4790359,MOVE,HTML/ace/ace.js:11637,HTML/ace/anchor.js:63
8c0b5954114500641012b8e38dcab00ac4790359,MOVE,HTML/ace/ace.js:4517,HTML/pilot/settings/canon.js:48
8c0b5954114500641012b8e38dcab00ac4790359,MOVE,HTML/ace/ace.js:8306,HTML/ace/edit_session.js:331
8c0b5954114500641012b8e38dcab00ac4790359,MOVE,HTML/ace/ace.js:5127,HTML/pilot/dom.js:178
8c0b5954114500641012b8e38dcab00ac4790359,MOVE,HTML/ace/ace.js:13890,HTML/ace/virtual_renderer.js:677
8c0b5954114500641012b8e38dcab00ac4790359,MOVE,HTML/ace/worker-css.js:1,HTML/ace/mode/css/csslint.js:3810
8c0b5954114500641012b8e38dcab00ac4790359,MOVE,HTML/ace/ace.js:11343,HTML/ace/document.js:174
8c0b5954114500641012b8e38dcab00ac4790359,MOVE,HTML/ace/ace.js:2017,HTML/pilot/canon.js:103
8c0b5954114500641012b8e38dcab00ac4790359,MOVE,HTML/ace/ace.js:8552,HTML/ace/edit_session.js:577
8c0b5954114500641012b8e38dcab00ac4790359,MOVE,HTML/ace/ace.js:7849,HTML/ace/commands/default_commands.js:241
8c0b5954114500641012b8e38dcab00ac4790359,MOVE,HTML/ace/ace.js:14308,HTML/ace/layer/marker.js:109
8c0b5954114500641012b8e38dcab00ac4790359,MOVE,HTML/ace/ace.js:13907,HTML/ace/virtual_renderer.js:694
8c0b5954114500641012b8e38dcab00ac4790359,MOVE,HTML/ace/ace.js:755,HTML/pilot/es5-shim.js:682
8c0b5954114500641012b8e38dcab00ac4790359,MOVE,HTML/ace/ace.js:10961,HTML/ace/mode/text_highlight_rules.js:103
8c0b5954114500641012b8e38dcab00ac4790359,MOVE,HTML/ace/ace.js:8689,HTML/ace/edit_session.js:714
8c0b5954114500641012b8e38dcab00ac4790359,MOVE,HTML/ace/worker-coffee.js:1,HTML/ace/mode/coffee/nodes.js:216
8c0b5954114500641012b8e38dcab00ac4790359,MOVE,HTML/ace/worker-javascript.js:1,HTML/ace/narcissus/jslex.js:483
8c0b5954114500641012b8e38dcab00ac4790359,MOVE,HTML/ace/ace.js:8253,HTML/ace/edit_session.js:305
8c0b5954114500641012b8e38dcab00ac4790359,MOVE,HTML/ace/ace.js:4012,HTML/pilot/settings.js:220
8c0b5954114500641012b8e38dcab00ac4790359,MOVE,HTML/ace/worker-javascript.js:1,HTML/ace/narcissus/jslex.js:112
8c0b5954114500641012b8e38dcab00ac4790359,MOVE,HTML/ace/ace.js:8938,HTML/ace/edit_session.js:963
8c0b5954114500641012b8e38dcab00ac4790359,MOVE,HTML/ace/ace.js:14048,HTML/ace/virtual_renderer.js:835
8c0b5954114500641012b8e38dcab00ac4790359,MOVE,HTML/ace/ace.js:10634,HTML/ace/mode/text.js:162
8c0b5954114500641012b8e38dcab00ac4790359,MOVE,HTML/ace/worker-css.js:1,HTML/ace/mode/css/csslint.js:3061
8c0b5954114500641012b8e38dcab00ac4790359,MOVE,HTML/ace/ace.js:13422,HTML/ace/virtual_renderer.js:209
8c0b5954114500641012b8e38dcab00ac4790359,MOVE,HTML/ace/ace.js:6623,HTML/ace/editor.js:1053
8c0b5954114500641012b8e38dcab00ac4790359,MOVE,HTML/ace/ace.js:8853,HTML/ace/edit_session.js:878
8c0b5954114500641012b8e38dcab00ac4790359,MOVE,HTML/ace/worker-javascript.js:1,HTML/ace/narcissus/jsparse.js:128
8c0b5954114500641012b8e38dcab00ac4790359,MOVE,HTML/ace/worker-coffee.js:1,HTML/ace/mode/coffee/nodes.js:455
8c0b5954114500641012b8e38dcab00ac4790359,MOVE,HTML/ace/ace.js:5133,HTML/pilot/dom.js:184
8c0b5954114500641012b8e38dcab00ac4790359,MOVE,HTML/ace/ace.js:8138,HTML/ace/edit_session.js:163
8c0b5954114500641012b8e38dcab00ac4790359,MOVE,HTML/ace/worker-coffee.js:1,HTML/ace/mode/coffee/nodes.js:1742
8c0b5954114500641012b8e38dcab00ac4790359,MOVE,HTML/ace/ace.js:6121,HTML/ace/editor.js:551
8c0b5954114500641012b8e38dcab00ac4790359,MOVE,HTML/ace/ace.js:1658,HTML/pilot/types.js:101
8c0b5954114500641012b8e38dcab00ac4790359,MOVE,HTML/ace/ace.js:6490,HTML/ace/editor.js:920
8c0b5954114500641012b8e38dcab00ac4790359,MOVE,HTML/ace/worker-javascript.js:1,HTML/ace/narcissus/jslex.js:214
8c0b5954114500641012b8e38dcab00ac4790359,MOVE,HTML/ace/ace.js:10223,HTML/ace/range.js:59
8c0b5954114500641012b8e38dcab00ac4790359,MOVE,HTML/ace/ace.js:8362,HTML/ace/edit_session.js:387
8c0b5954114500641012b8e38dcab00ac4790359,MOVE,HTML/ace/ace.js:3858,HTML/pilot/settings.js:66
8c0b5954114500641012b8e38dcab00ac4790359,MOVE,HTML/ace/worker-javascript.js:1,HTML/ace/narcissus/jsparse.js:324
8c0b5954114500641012b8e38dcab00ac4790359,MOVE,HTML/ace/ace.js:509,HTML/pilot/es5-shim.js:424
8c0b5954114500641012b8e38dcab00ac4790359,MOVE,HTML/ace/ace.js:6498,HTML/ace/editor.js:928
8c0b5954114500641012b8e38dcab00ac4790359,MOVE,HTML/ace/ace.js:11233,HTML/ace/document.js:64
8c0b5954114500641012b8e38dcab00ac4790359,MOVE,HTML/ace/ace.js:5996,HTML/ace/editor.js:426
8c0b5954114500641012b8e38dcab00ac4790359,MOVE,HTML/ace/ace.js:9312,HTML/ace/edit_session.js:1337
8c0b5954114500641012b8e38dcab00ac4790359,MOVE,HTML/ace/ace.js:8501,HTML/ace/edit_session.js:526
8c0b5954114500641012b8e38dcab00ac4790359,MOVE,HTML/ace/ace.js:2797,HTML/pilot/stacktrace.js:145
8c0b5954114500641012b8e38dcab00ac4790359,MOVE,HTML/ace/ace.js:2043,HTML/pilot/canon.js:129
8c0b5954114500641012b8e38dcab00ac4790359,MOVE,HTML/ace/ace.js:10138,HTML/ace/selection.js:452
8c0b5954114500641012b8e38dcab00ac4790359,MOVE,HTML/ace/worker-coffee.js:1,HTML/ace/mode/coffee/nodes.js:2141
8c0b5954114500641012b8e38dcab00ac4790359,MOVE,HTML/ace/ace.js:5302,HTML/pilot/event.js:57
8c0b5954114500641012b8e38dcab00ac4790359,MOVE,HTML/ace/ace.js:11253,HTML/ace/document.js:84
8c0b5954114500641012b8e38dcab00ac4790359,MOVE,HTML/ace/ace.js:5962,HTML/ace/editor.js:392
8c0b5954114500641012b8e38dcab00ac4790359,MOVE,HTML/ace/ace.js:6281,HTML/ace/editor.js:711
8c0b5954114500641012b8e38dcab00ac4790359,MOVE,HTML/ace/ace.js:13987,HTML/ace/virtual_renderer.js:774
8c0b5954114500641012b8e38dcab00ac4790359,MOVE,HTML/ace/ace.js:13552,HTML/ace/virtual_renderer.js:339
8c0b5954114500641012b8e38dcab00ac4790359,MOVE,HTML/ace/ace.js:13504,HTML/ace/virtual_renderer.js:291
8c0b5954114500641012b8e38dcab00ac4790359,MOVE,HTML/ace/ace.js:11304,HTML/ace/document.js:135
8c0b5954114500641012b8e38dcab00ac4790359,MOVE,HTML/ace/worker-javascript.js:1,HTML/ace/narcissus/jsparse.js:1136
8c0b5954114500641012b8e38dcab00ac4790359,MOVE,HTML/ace/ace.js:13374,HTML/ace/virtual_renderer.js:161
8c0b5954114500641012b8e38dcab00ac4790359,MOVE,HTML/ace/ace.js:9773,HTML/ace/selection.js:87
8c0b5954114500641012b8e38dcab00ac4790359,MOVE,HTML/ace/ace.js:3404,HTML/pilot/typecheck.js:45
8c0b5954114500641012b8e38dcab00ac4790359,MOVE,HTML/ace/ace.js:3485,HTML/pilot/catalog.js:47
8c0b5954114500641012b8e38dcab00ac4790359,MOVE,HTML/ace/worker-coffee.js:1,HTML/ace/mode/coffee/nodes.js:1688
8c0b5954114500641012b8e38dcab00ac4790359,MOVE,HTML/ace/ace.js:14112,HTML/ace/test/mockrenderer.js:76
8c0b5954114500641012b8e38dcab00ac4790359,MOVE,HTML/ace/ace.js:7670,HTML/ace/commands/default_commands.js:62
8c0b5954114500641012b8e38dcab00ac4790359,MOVE,HTML/ace/ace.js:3145,HTML/pilot/oop.js:56
8c0b5954114500641012b8e38dcab00ac4790359,INLINE,HTML/ace/worker-coffee.js:1,HTML/ace/mode/css/csslint.js:1736
8c0b5954114500641012b8e38dcab00ac4790359,MOVE,HTML/ace/ace.js:13520,HTML/ace/virtual_renderer.js:307
8c0b5954114500641012b8e38dcab00ac4790359,MOVE,HTML/ace/ace.js:3494,HTML/pilot/catalog.js:56
8c0b5954114500641012b8e38dcab00ac4790359,MOVE,HTML/ace/ace.js:1609,HTML/pilot/types.js:52
8c0b5954114500641012b8e38dcab00ac4790359,MOVE,HTML/ace/ace.js:12999,HTML/ace/search.js:213
8c0b5954114500641012b8e38dcab00ac4790359,MOVE,HTML/ace/ace.js:9501,HTML/ace/edit_session.js:1526
8c0b5954114500641012b8e38dcab00ac4790359,MOVE,HTML/ace/ace.js:5399,HTML/pilot/event.js:154
8c0b5954114500641012b8e38dcab00ac4790359,MOVE,HTML/ace/worker-javascript.js:1,HTML/ace/narcissus/jslex.js:314
8c0b5954114500641012b8e38dcab00ac4790359,MOVE,HTML/ace/ace.js:7774,HTML/ace/commands/default_commands.js:166
8c0b5954114500641012b8e38dcab00ac4790359,MOVE,HTML/ace/ace.js:5958,HTML/ace/editor.js:388
8c0b5954114500641012b8e38dcab00ac4790359,MOVE,HTML/ace/ace.js:4660,HTML/pilot/plugin_manager.js:134
8c0b5954114500641012b8e38dcab00ac4790359,MOVE,HTML/ace/ace.js:7922,HTML/ace/commands/default_commands.js:314
8c0b5954114500641012b8e38dcab00ac4790359,MOVE,HTML/ace/worker-css.js:1,HTML/ace/mode/css/csslint.js:197
8c0b5954114500641012b8e38dcab00ac4790359,MOVE,HTML/ace/ace.js:8229,HTML/ace/edit_session.js:254
8c0b5954114500641012b8e38dcab00ac4790359,MOVE,HTML/ace/worker-coffee.js:1,HTML/ace/mode/coffee/nodes.js:1554
8c0b5954114500641012b8e38dcab00ac4790359,MOVE,HTML/ace/ace.js:11738,HTML/ace/anchor.js:164
8c0b5954114500641012b8e38dcab00ac4790359,MOVE,HTML/ace/ace.js:9366,HTML/ace/edit_session.js:1391
8c0b5954114500641012b8e38dcab00ac4790359,MOVE_RENAME,HTML/ace/mode-markdown.js:1,HTML/ace/mode/javascript_highlight_rules.js:47
8c0b5954114500641012b8e38dcab00ac4790359,MOVE,HTML/ace/worker-coffee.js:1,HTML/ace/mode/coffee/nodes.js:478
8c0b5954114500641012b8e38dcab00ac4790359,MOVE,HTML/ace/ace.js:1800,HTML/pilot/types.js:243
8c0b5954114500641012b8e38dcab00ac4790359,MOVE,HTML/ace/ace.js:7963,HTML/ace/commands/default_commands.js:355
8c0b5954114500641012b8e38dcab00ac4790359,MOVE,HTML/ace/ace.js:7705,HTML/ace/commands/default_commands.js:97
8c0b5954114500641012b8e38dcab00ac4790359,MOVE,HTML/ace/worker-coffee.js:1,HTML/ace/mode/coffee/coffee-script.js:54
8c0b5954114500641012b8e38dcab00ac4790359,MOVE,HTML/ace/worker-css.js:1,HTML/ace/mode/css/csslint.js:3374
8c0b5954114500641012b8e38dcab00ac4790359,MOVE,HTML/ace/ace.js:11300,HTML/ace/document.js:131
8c0b5954114500641012b8e38dcab00ac4790359,MOVE,HTML/ace/ace.js:2769,HTML/pilot/stacktrace.js:117
8c0b5954114500641012b8e38dcab00ac4790359,MOVE,HTML/ace/ace.js:4846,HTML/pilot/promise.js:161
8c0b5954114500641012b8e38dcab00ac4790359,MOVE,HTML/ace/ace.js:1476,HTML/pilot/types/basic.js:251
8c0b5954114500641012b8e38dcab00ac4790359,MOVE,HTML/ace/ace.js:4021,HTML/pilot/settings.js:229
8c0b5954114500641012b8e38dcab00ac4790359,MOVE,HTML/ace/ace.js:5784,HTML/ace/editor.js:214
8c0b5954114500641012b8e38dcab00ac4790359,MOVE,HTML/ace/ace.js:11316,HTML/ace/document.js:147
8c0b5954114500641012b8e38dcab00ac4790359,MOVE,HTML/ace/ace.js:8813,HTML/ace/edit_session.js:838
8c0b5954114500641012b8e38dcab00ac4790359,MOVE,HTML/ace/ace.js:8117,HTML/ace/edit_session.js:142
8c0b5954114500641012b8e38dcab00ac4790359,MOVE,HTML/ace/ace.js:6758,HTML/ace/editor.js:1188
8c0b5954114500641012b8e38dcab00ac4790359,MOVE,HTML/ace/worker-coffee.js:1,HTML/ace/mode/coffee_worker.js:56
8c0b5954114500641012b8e38dcab00ac4790359,MOVE,HTML/ace/ace.js:8864,HTML/ace/edit_session.js:889
8c0b5954114500641012b8e38dcab00ac4790359,MOVE,HTML/ace/ace.js:8591,HTML/ace/edit_session.js:616
8c0b5954114500641012b8e38dcab00ac4790359,MOVE,HTML/ace/ace.js:13508,HTML/ace/virtual_renderer.js:295
8c0b5954114500641012b8e38dcab00ac4790359,MOVE,HTML/ace/worker-javascript.js:1,HTML/ace/narcissus/jsdefs.js:628
8c0b5954114500641012b8e38dcab00ac4790359,MOVE,HTML/ace/ace.js:5213,HTML/pilot/dom.js:264
8c0b5954114500641012b8e38dcab00ac4790359,MOVE,HTML/ace/ace.js:12832,HTML/ace/search.js:46
8c0b5954114500641012b8e38dcab00ac4790359,MOVE,HTML/ace/ace.js:1200,HTML/pilot/index.js:40
8c0b5954114500641012b8e38dcab00ac4790359,MOVE,HTML/ace/ace.js:1995,HTML/pilot/canon.js:81
8c0b5954114500641012b8e38dcab00ac4790359,MOVE_RENAME,HTML/ace/mode-scad.js:1,HTML/ace/mode/scad_highlight_rules.js:48
8c0b5954114500641012b8e38dcab00ac4790359,MOVE,HTML/ace/ace.js:3712,HTML/pilot/types/settings.js:59
8c0b5954114500641012b8e38dcab00ac4790359,MOVE,HTML/ace/ace.js:1990,HTML/pilot/canon.js:76
8c0b5954114500641012b8e38dcab00ac4790359,MOVE,HTML/ace/ace.js:7726,HTML/ace/commands/default_commands.js:118
8c0b5954114500641012b8e38dcab00ac4790359,MOVE,HTML/ace/ace.js:12678,HTML/ace/edit_session/fold_line.js:242
8c0b5954114500641012b8e38dcab00ac4790359,MOVE,HTML/ace/ace.js:6574,HTML/ace/editor.js:1004
8c0b5954114500641012b8e38dcab00ac4790359,MOVE,HTML/ace/ace.js:15098,HTML/ace/layer/cursor.js:116
8c0b5954114500641012b8e38dcab00ac4790359,MOVE,HTML/ace/ace.js:2037,HTML/pilot/canon.js:123
8c0b5954114500641012b8e38dcab00ac4790359,MOVE,HTML/ace/ace.js:3921,HTML/pilot/settings.js:129
8c0b5954114500641012b8e38dcab00ac4790359,MOVE,HTML/ace/worker-coffee.js:1,HTML/ace/mode/coffee/nodes.js:1825
8c0b5954114500641012b8e38dcab00ac4790359,MOVE,HTML/ace/worker-css.js:1,HTML/ace/mode/css/csslint.js:229
8c0b5954114500641012b8e38dcab00ac4790359,MOVE,HTML/ace/worker-coffee.js:1,HTML/ace/mode/coffee/nodes.js:2221
8c0b5954114500641012b8e38dcab00ac4790359,MOVE,HTML/ace/ace.js:10541,HTML/ace/mode/text.js:69
8c0b5954114500641012b8e38dcab00ac4790359,MOVE,HTML/ace/ace.js:2478,HTML/pilot/canon.js:564
8c0b5954114500641012b8e38dcab00ac4790359,MOVE,HTML/ace/ace.js:1745,HTML/pilot/types.js:188
8c0b5954114500641012b8e38dcab00ac4790359,MOVE,HTML/ace/ace.js:9395,HTML/ace/edit_session.js:1420
8c0b5954114500641012b8e38dcab00ac4790359,MOVE,HTML/ace/ace.js:7152,HTML/ace/mouse_handler.js:84
8c0b5954114500641012b8e38dcab00ac4790359,MOVE,HTML/ace/ace.js:11461,HTML/ace/document.js:292
8c0b5954114500641012b8e38dcab00ac4790359,MOVE_RENAME,HTML/ace/mode-c_cpp.js:1,HTML/ace/mode/c_cpp_highlight_rules.js:48
8c0b5954114500641012b8e38dcab00ac4790359,MOVE,HTML/ace/ace.js:9904,HTML/ace/selection.js:218
8c0b5954114500641012b8e38dcab00ac4790359,MOVE,HTML/ace/ace.js:3746,HTML/pilot/types/settings.js:93
8c0b5954114500641012b8e38dcab00ac4790359,MOVE,HTML/ace/ace.js:8201,HTML/ace/edit_session.js:226
8c0b5954114500641012b8e38dcab00ac4790359,MOVE,HTML/ace/ace.js:4782,HTML/pilot/promise.js:97
8c0b5954114500641012b8e38dcab00ac4790359,MOVE,HTML/ace/worker-javascript.js:1,HTML/ace/narcissus/jsparse.js:1346
8c0b5954114500641012b8e38dcab00ac4790359,MOVE,HTML/ace/ace.js:8953,HTML/ace/edit_session.js:978
8c0b5954114500641012b8e38dcab00ac4790359,MOVE,HTML/ace/ace.js:2417,HTML/pilot/canon.js:503
8c0b5954114500641012b8e38dcab00ac4790359,MOVE,HTML/ace/ace.js:2517,HTML/pilot/canon.js:603
8c0b5954114500641012b8e38dcab00ac4790359,MOVE,HTML/ace/worker-javascript.js:1,HTML/ace/narcissus/jsdefs.js:534
8c0b5954114500641012b8e38dcab00ac4790359,MOVE,HTML/ace/ace.js:9860,HTML/ace/selection.js:174
8c0b5954114500641012b8e38dcab00ac4790359,MOVE,HTML/ace/ace.js:8275,HTML/ace/edit_session.js:300
8c0b5954114500641012b8e38dcab00ac4790359,MOVE,HTML/ace/worker-coffee.js:1,HTML/ace/worker/mirror.js:28
8c0b5954114500641012b8e38dcab00ac4790359,MOVE,HTML/ace/ace.js:2878,HTML/pilot/stacktrace.js:226
8c0b5954114500641012b8e38dcab00ac4790359,MOVE,HTML/ace/ace.js:5776,HTML/ace/editor.js:206
8c0b5954114500641012b8e38dcab00ac4790359,MOVE,HTML/ace/ace.js:13613,HTML/ace/virtual_renderer.js:400
8c0b5954114500641012b8e38dcab00ac4790359,MOVE,HTML/ace/ace.js:14507,HTML/ace/layer/text.js:90
8c0b5954114500641012b8e38dcab00ac4790359,MOVE,HTML/ace/ace.js:6464,HTML/ace/editor.js:894
8c0b5954114500641012b8e38dcab00ac4790359,MOVE,HTML/ace/ace.js:14642,HTML/ace/layer/text.js:225
8c0b5954114500641012b8e38dcab00ac4790359,MOVE,HTML/ace/ace.js:11214,HTML/ace/document.js:45
8c0b5954114500641012b8e38dcab00ac4790359,MOVE,HTML/ace/ace.js:13206,HTML/ace/undomanager.js:86
8c0b5954114500641012b8e38dcab00ac4790359,MOVE,HTML/ace/worker-css.js:1,HTML/ace/mode/css/csslint.js:3354
8c0b5954114500641012b8e38dcab00ac4790359,MOVE,HTML/ace/ace.js:7889,HTML/ace/commands/default_commands.js:281
8c0b5954114500641012b8e38dcab00ac4790359,MOVE,HTML/ace/worker-css.js:1,HTML/ace/mode/css/csslint.js:2482
8c0b5954114500641012b8e38dcab00ac4790359,MOVE,HTML/ace/ace.js:6843,HTML/ace/keyboard/textinput.js:46
8c0b5954114500641012b8e38dcab00ac4790359,MOVE,HTML/ace/worker-css.js:1,HTML/ace/mode/css/csslint.js:249
8c0b5954114500641012b8e38dcab00ac4790359,MOVE,HTML/ace/ace.js:5458,HTML/pilot/event.js:213
8c0b5954114500641012b8e38dcab00ac4790359,MOVE,HTML/ace/ace.js:7814,HTML/ace/commands/default_commands.js:206
8c0b5954114500641012b8e38dcab00ac4790359,MOVE,HTML/ace/worker-javascript.js:1,HTML/ace/narcissus/jsparse.js:310
8c0b5954114500641012b8e38dcab00ac4790359,MOVE,HTML/ace/ace.js:5687,HTML/ace/editor.js:117
8c0b5954114500641012b8e38dcab00ac4790359,MOVE,HTML/ace/ace.js:5847,HTML/ace/editor.js:277
8c0b5954114500641012b8e38dcab00ac4790359,MOVE,HTML/ace/worker-css.js:1,HTML/ace/mode/css/csslint.js:3220
8c0b5954114500641012b8e38dcab00ac4790359,MOVE,HTML/ace/worker-css.js:1,HTML/ace/mode/css/csslint.js:3798
8c0b5954114500641012b8e38dcab00ac4790359,MOVE,HTML/ace/ace.js:14126,HTML/ace/layer/gutter.js:70
8c0b5954114500641012b8e38dcab00ac4790359,MOVE,HTML/ace/ace.js:10379,HTML/ace/range.js:215
8c0b5954114500641012b8e38dcab00ac4790359,MOVE,HTML/ace/ace.js:5683,HTML/ace/editor.js:113
8c0b5954114500641012b8e38dcab00ac4790359,MOVE,HTML/ace/ace.js:8238,HTML/ace/edit_session.js:263
8c0b5954114500641012b8e38dcab00ac4790359,MOVE,HTML/ace/ace.js:9361,HTML/ace/edit_session.js:1386
8c0b5954114500641012b8e38dcab00ac4790359,MOVE,HTML/ace/worker-css.js:1,HTML/ace/mode/css/csslint.js:6112
8c0b5954114500641012b8e38dcab00ac4790359,MOVE,HTML/ace/ace.js:7144,HTML/ace/mouse_handler.js:76
8c0b5954114500641012b8e38dcab00ac4790359,MOVE,HTML/ace/ace.js:5983,HTML/ace/editor.js:413
8c0b5954114500641012b8e38dcab00ac4790359,MOVE,HTML/ace/worker-coffee.js:1,HTML/ace/mode/coffee/lexer.js:483
8c0b5954114500641012b8e38dcab00ac4790359,MOVE,HTML/ace/worker-css.js:1,HTML/ace/mode/css/csslint.js:1987
8c0b5954114500641012b8e38dcab00ac4790359,MOVE,HTML/ace/ace.js:2182,HTML/pilot/canon.js:268
8c0b5954114500641012b8e38dcab00ac4790359,MOVE,HTML/ace/ace.js:4579,HTML/pilot/plugin_manager.js:53
8c0b5954114500641012b8e38dcab00ac4790359,MOVE,HTML/ace/ace.js:6182,HTML/ace/editor.js:612
8c0b5954114500641012b8e38dcab00ac4790359,MOVE,HTML/ace/ace.js:604,HTML/pilot/es5-shim.js:527
8c0b5954114500641012b8e38dcab00ac4790359,MOVE,HTML/ace/ace.js:1905,HTML/pilot/types/command.js:66
8c0b5954114500641012b8e38dcab00ac4790359,MOVE,HTML/ace/ace.js:10733,HTML/ace/tokenizer.js:40
8c0b5954114500641012b8e38dcab00ac4790359,MOVE,HTML/ace/ace.js:2538,HTML/pilot/canon.js:624
8c0b5954114500641012b8e38dcab00ac4790359,MOVE,HTML/ace/ace.js:13842,HTML/ace/virtual_renderer.js:629
8c0b5954114500641012b8e38dcab00ac4790359,MOVE,HTML/ace/worker-coffee.js:1,HTML/ace/mode/coffee/nodes.js:1889
8c0b5954114500641012b8e38dcab00ac4790359,MOVE,HTML/ace/ace.js:9094,HTML/ace/edit_session.js:1119
8c0b5954114500641012b8e38dcab00ac4790359,MOVE,HTML/ace/ace.js:2233,HTML/pilot/canon.js:319
8c0b5954114500641012b8e38dcab00ac4790359,MOVE,HTML/ace/ace.js:9611,HTML/ace/edit_session.js:1636
8c0b5954114500641012b8e38dcab00ac4790359,MOVE,HTML/ace/ace.js:12606,HTML/ace/edit_session/fold_line.js:170
8c0b5954114500641012b8e38dcab00ac4790359,MOVE,HTML/ace/ace.js:6210,HTML/ace/editor.js:640
8c0b5954114500641012b8e38dcab00ac4790359,MOVE,HTML/ace/worker-coffee.js:1,HTML/ace/mode/coffee/nodes.js:449
8c0b5954114500641012b8e38dcab00ac4790359,MOVE,HTML/ace/ace.js:5224,HTML/pilot/dom.js:275
8c0b5954114500641012b8e38dcab00ac4790359,MOVE,HTML/ace/ace.js:11289,HTML/ace/document.js:120
8c0b5954114500641012b8e38dcab00ac4790359,MOVE,HTML/ace/ace.js:11890,HTML/ace/background_tokenizer.js:124
8c0b5954114500641012b8e38dcab00ac4790359,MOVE,HTML/ace/ace.js:7799,HTML/ace/commands/default_commands.js:191
8c0b5954114500641012b8e38dcab00ac4790359,MOVE,HTML/ace/worker-css.js:1,HTML/ace/mode/css/csslint.js:3544
8c0b5954114500641012b8e38dcab00ac4790359,MOVE,HTML/ace/ace.js:8353,HTML/ace/edit_session.js:378
8c0b5954114500641012b8e38dcab00ac4790359,MOVE,HTML/ace/ace.js:3617,HTML/pilot/lang.js:114
8c0b5954114500641012b8e38dcab00ac4790359,INLINE,HTML/ace/worker-coffee.js:1,HTML/ace/mode/css/csslint.js:6699
8c0b5954114500641012b8e38dcab00ac4790359,MOVE,HTML/ace/ace.js:7700,HTML/ace/commands/default_commands.js:92
8c0b5954114500641012b8e38dcab00ac4790359,MOVE,HTML/ace/ace.js:9920,HTML/ace/selection.js:234
8c0b5954114500641012b8e38dcab00ac4790359,MOVE,HTML/ace/ace.js:10389,HTML/ace/range.js:225
8c0b5954114500641012b8e38dcab00ac4790359,MOVE,HTML/ace/ace.js:14261,HTML/ace/layer/marker.js:62
8c0b5954114500641012b8e38dcab00ac4790359,MOVE,HTML/ace/ace.js:13969,HTML/ace/virtual_renderer.js:756
8c0b5954114500641012b8e38dcab00ac4790359,MOVE,HTML/ace/mode-markdown.js:1,HTML/ace/mode/markdown.js:66
8c0b5954114500641012b8e38dcab00ac4790359,MOVE,HTML/ace/worker-css.js:1,HTML/ace/mode/css/csslint.js:3674
8c0b5954114500641012b8e38dcab00ac4790359,MOVE,HTML/ace/ace.js:8660,HTML/ace/edit_session.js:685
8c0b5954114500641012b8e38dcab00ac4790359,MOVE,HTML/ace/ace.js:568,HTML/pilot/es5-shim.js:483
8c0b5954114500641012b8e38dcab00ac4790359,MOVE,HTML/ace/worker-javascript.js:1,HTML/ace/narcissus/jsdefs.js:543
8c0b5954114500641012b8e38dcab00ac4790359,MOVE,HTML/ace/ace.js:9928,HTML/ace/selection.js:242
8c0b5954114500641012b8e38dcab00ac4790359,MOVE,HTML/ace/ace.js:10568,HTML/ace/mode/text.js:96
8c0b5954114500641012b8e38dcab00ac4790359,MOVE,HTML/ace/ace.js:3581,HTML/pilot/lang.js:78
8c0b5954114500641012b8e38dcab00ac4790359,MOVE,HTML/ace/ace.js:6593,HTML/ace/editor.js:1023
8c0b5954114500641012b8e38dcab00ac4790359,MOVE,HTML/ace/ace.js:6673,HTML/ace/editor.js:1103
8c0b5954114500641012b8e38dcab00ac4790359,MOVE,HTML/ace/ace.js:14122,HTML/ace/layer/gutter.js:66
8c0b5954114500641012b8e38dcab00ac4790359,MOVE,HTML/ace/ace.js:1422,HTML/pilot/types/basic.js:197
8c0b5954114500641012b8e38dcab00ac4790359,MOVE,HTML/ace/ace.js:1610,HTML/pilot/types.js:53
8c0b5954114500641012b8e38dcab00ac4790359,MOVE,HTML/ace/ace.js:8424,HTML/ace/edit_session.js:449
8c0b5954114500641012b8e38dcab00ac4790359,MOVE,HTML/ace/ace.js:10282,HTML/ace/range.js:118
8c0b5954114500641012b8e38dcab00ac4790359,MOVE,HTML/ace/ace.js:10559,HTML/ace/mode/text.js:87
8c0b5954114500641012b8e38dcab00ac4790359,MOVE,HTML/ace/ace.js:6494,HTML/ace/editor.js:924
8c0b5954114500641012b8e38dcab00ac4790359,MOVE,HTML/ace/ace.js:11850,HTML/ace/background_tokenizer.js:84
8c0b5954114500641012b8e38dcab00ac4790359,MOVE,HTML/ace/worker-javascript.js:1,HTML/ace/narcissus/jsparse.js:497
8c0b5954114500641012b8e38dcab00ac4790359,MOVE,HTML/ace/ace.js:6189,HTML/ace/editor.js:619
8c0b5954114500641012b8e38dcab00ac4790359,MOVE,HTML/ace/worker-javascript.js:1,HTML/ace/narcissus/jsdefs.js:316
8c0b5954114500641012b8e38dcab00ac4790359,MOVE,HTML/ace/ace.js:6205,HTML/ace/editor.js:635
8c0b5954114500641012b8e38dcab00ac4790359,MOVE,HTML/ace/ace.js:6227,HTML/ace/editor.js:657
8c0b5954114500641012b8e38dcab00ac4790359,MOVE,HTML/ace/ace.js:3079,HTML/pilot/useragent.js:95
8c0b5954114500641012b8e38dcab00ac4790359,MOVE_RENAME,HTML/ace/mode-markdown.js:1,HTML/ace/mode/doc_comment_highlight_rules.js:43
8c0b5954114500641012b8e38dcab00ac4790359,MOVE,HTML/ace/ace.js:10240,HTML/ace/range.js:76
8c0b5954114500641012b8e38dcab00ac4790359,MOVE,HTML/ace/worker-javascript.js:1,HTML/ace/narcissus/jsdefs.js:636
8c0b5954114500641012b8e38dcab00ac4790359,MOVE,HTML/ace/ace.js:6552,HTML/ace/editor.js:982
8c0b5954114500641012b8e38dcab00ac4790359,MOVE,HTML/ace/ace.js:1501,HTML/pilot/types/basic.js:276
8c0b5954114500641012b8e38dcab00ac4790359,MOVE,HTML/ace/ace.js:13618,HTML/ace/virtual_renderer.js:405
8c0b5954114500641012b8e38dcab00ac4790359,MOVE,HTML/ace/worker-css.js:1,HTML/ace/mode/css/csslint.js:2004
8c0b5954114500641012b8e38dcab00ac4790359,MOVE,HTML/ace/ace.js:8331,HTML/ace/edit_session.js:356
8c0b5954114500641012b8e38dcab00ac4790359,MOVE,HTML/ace/ace.js:5063,HTML/pilot/dom.js:114
8c0b5954114500641012b8e38dcab00ac4790359,MOVE,HTML/ace/ace.js:3609,HTML/pilot/lang.js:106
8c0b5954114500641012b8e38dcab00ac4790359,MOVE,HTML/ace/ace.js:6117,HTML/ace/editor.js:547
8c0b5954114500641012b8e38dcab00ac4790359,MOVE,HTML/ace/ace.js:10278,HTML/ace/range.js:114
8c0b5954114500641012b8e38dcab00ac4790359,MOVE,HTML/ace/ace.js:13202,HTML/ace/undomanager.js:82
8c0b5954114500641012b8e38dcab00ac4790359,MOVE,HTML/ace/worker-coffee.js:1,HTML/ace/mode/coffee_worker.js:44
8c0b5954114500641012b8e38dcab00ac4790359,MOVE,HTML/ace/ace.js:9376,HTML/ace/edit_session.js:1401
8c0b5954114500641012b8e38dcab00ac4790359,MOVE,HTML/ace/ace.js:6201,HTML/ace/editor.js:631
8c0b5954114500641012b8e38dcab00ac4790359,MOVE,HTML/ace/ace.js:5882,HTML/ace/editor.js:312
8c0b5954114500641012b8e38dcab00ac4790359,MOVE,HTML/ace/worker-css.js:1,HTML/ace/mode/css/csslint.js:2624
8c0b5954114500641012b8e38dcab00ac4790359,MOVE,HTML/ace/worker-javascript.js:1,HTML/ace/narcissus/jsparse.js:359
8c0b5954114500641012b8e38dcab00ac4790359,MOVE,HTML/ace/ace.js:10087,HTML/ace/selection.js:401
8c0b5954114500641012b8e38dcab00ac4790359,MOVE,HTML/ace/worker-javascript.js:1,HTML/ace/narcissus/jsdefs.js:503
8c0b5954114500641012b8e38dcab00ac4790359,MOVE,HTML/ace/ace.js:11986,HTML/ace/edit_session/folding.js:45
8c0b5954114500641012b8e38dcab00ac4790359,MOVE,HTML/ace/worker-coffee.js:1,HTML/ace/mode/coffee/nodes.js:1856
8c0b5954114500641012b8e38dcab00ac4790359,MOVE,HTML/ace/worker-javascript.js:1,HTML/ace/narcissus/jsdefs.js:619
8c0b5954114500641012b8e38dcab00ac4790359,MOVE,HTML/ace/ace.js:6473,HTML/ace/editor.js:903
8c0b5954114500641012b8e38dcab00ac4790359,RENAME,HTML/ace/mode-markdown.js:1,HTML/ace/mode/html_highlight_rules.js:82
8c0b5954114500641012b8e38dcab00ac4790359,MOVE,HTML/ace/ace.js:10154,HTML/ace/selection.js:468
8c0b5954114500641012b8e38dcab00ac4790359,MOVE,HTML/ace/ace.js:5851,HTML/ace/editor.js:281
8c0b5954114500641012b8e38dcab00ac4790359,MOVE,HTML/ace/ace.js:8393,HTML/ace/edit_session.js:418
8c0b5954114500641012b8e38dcab00ac4790359,MOVE_RENAME,HTML/ace/mode-svg.js:1,HTML/ace/mode/svg_highlight_rules.js:44
8c0b5954114500641012b8e38dcab00ac4790359,MOVE,HTML/ace/ace.js:5314,HTML/pilot/event.js:69
8c0b5954114500641012b8e38dcab00ac4790359,MOVE,HTML/ace/ace.js:3992,HTML/pilot/settings.js:200
8c0b5954114500641012b8e38dcab00ac4790359,MOVE,HTML/ace/worker-javascript.js:1,HTML/ace/narcissus/jslex.js:488
8c0b5954114500641012b8e38dcab00ac4790359,MOVE,HTML/ace/worker-coffee.js:1,HTML/ace/mode/coffee/nodes.js:423
8c0b5954114500641012b8e38dcab00ac4790359,MOVE,HTML/ace/worker-css.js:1,HTML/ace/mode/css/csslint.js:5477
8c0b5954114500641012b8e38dcab00ac4790359,MOVE,HTML/ace/ace.js:11334,HTML/ace/document.js:165
8c0b5954114500641012b8e38dcab00ac4790359,MOVE,HTML/ace/ace.js:14584,HTML/ace/layer/text.js:167
8c0b5954114500641012b8e38dcab00ac4790359,MOVE,HTML/ace/ace.js:12586,HTML/ace/edit_session/fold_line.js:150
8c0b5954114500641012b8e38dcab00ac4790359,MOVE,HTML/ace/worker-coffee.js:1,HTML/ace/mode/coffee/nodes.js:847
8c0b5954114500641012b8e38dcab00ac4790359,MOVE,HTML/ace/ace.js:9963,HTML/ace/selection.js:277
8c0b5954114500641012b8e38dcab00ac4790359,MOVE,HTML/ace/ace.js:6125,HTML/ace/editor.js:555
8c0b5954114500641012b8e38dcab00ac4790359,MOVE,HTML/ace/ace.js:6391,HTML/ace/editor.js:821
8c0b5954114500641012b8e38dcab00ac4790359,MOVE,HTML/ace/worker-css.js:1,HTML/ace/mode/css/csslint.js:6699
8c0b5954114500641012b8e38dcab00ac4790359,MOVE,HTML/ace/worker-css.js:1,HTML/ace/mode/css/csslint.js:3818
8c0b5954114500641012b8e38dcab00ac4790359,MOVE,HTML/ace/ace.js:8216,HTML/ace/edit_session.js:241
8c0b5954114500641012b8e38dcab00ac4790359,MOVE,HTML/ace/ace.js:6649,HTML/ace/editor.js:1079
8c0b5954114500641012b8e38dcab00ac4790359,MOVE,HTML/ace/ace.js:7713,HTML/ace/commands/default_commands.js:105
8c0b5954114500641012b8e38dcab00ac4790359,MOVE,HTML/ace/ace.js:9399,HTML/ace/edit_session.js:1424
8c0b5954114500641012b8e38dcab00ac4790359,MOVE,HTML/ace/ace.js:3498,HTML/pilot/catalog.js:60
8c0b5954114500641012b8e38dcab00ac4790359,MOVE,HTML/ace/worker-javascript.js:1,HTML/ace/narcissus/jsparse.js:1696
8c0b5954114500641012b8e38dcab00ac4790359,MOVE,HTML/ace/ace.js:4828,HTML/pilot/promise.js:143
8c0b5954114500641012b8e38dcab00ac4790359,MOVE,HTML/ace/ace.js:2948,HTML/pilot/stacktrace.js:296
8c0b5954114500641012b8e38dcab00ac4790359,MOVE,HTML/ace/ace.js:9644,HTML/ace/edit_session.js:1669
8c0b5954114500641012b8e38dcab00ac4790359,MOVE,HTML/ace/ace.js:12505,HTML/ace/edit_session/fold_line.js:69
8c0b5954114500641012b8e38dcab00ac4790359,MOVE,HTML/ace/worker-javascript.js:1,HTML/ace/narcissus/jsparse.js:293
8c0b5954114500641012b8e38dcab00ac4790359,MOVE,HTML/ace/ace.js:8142,HTML/ace/edit_session.js:167
8c0b5954114500641012b8e38dcab00ac4790359,MOVE,HTML/ace/ace.js:7363,HTML/ace/mouse_handler.js:295
8c0b5954114500641012b8e38dcab00ac4790359,MOVE,HTML/ace/ace.js:7654,HTML/ace/commands/default_commands.js:46
8c0b5954114500641012b8e38dcab00ac4790359,MOVE,HTML/ace/ace.js:6223,HTML/ace/editor.js:653
8c0b5954114500641012b8e38dcab00ac4790359,MOVE,HTML/ace/worker-css.js:1,HTML/ace/mode/css/csslint.js:5222
8c0b5954114500641012b8e38dcab00ac4790359,MOVE,HTML/ace/ace.js:4673,HTML/pilot/plugin_manager.js:147
8c0b5954114500641012b8e38dcab00ac4790359,MOVE,HTML/ace/ace.js:7749,HTML/ace/commands/default_commands.js:141
8c0b5954114500641012b8e38dcab00ac4790359,MOVE,HTML/ace/ace.js:10900,HTML/ace/mode/text_highlight_rules.js:42
8c0b5954114500641012b8e38dcab00ac4790359,MOVE,HTML/ace/ace.js:9900,HTML/ace/selection.js:214
8c0b5954114500641012b8e38dcab00ac4790359,MOVE,HTML/ace/ace.js:7942,HTML/ace/commands/default_commands.js:334
8c0b5954114500641012b8e38dcab00ac4790359,MOVE,HTML/ace/ace.js:10433,HTML/ace/range.js:269
8c0b5954114500641012b8e38dcab00ac4790359,MOVE,HTML/ace/ace.js:7932,HTML/ace/commands/default_commands.js:324
8c0b5954114500641012b8e38dcab00ac4790359,MOVE,HTML/ace/ace.js:6193,HTML/ace/editor.js:623
8c0b5954114500641012b8e38dcab00ac4790359,MOVE,HTML/ace/ace.js:4909,HTML/pilot/promise.js:224
8c0b5954114500641012b8e38dcab00ac4790359,MOVE,HTML/ace/ace.js:1766,HTML/pilot/types.js:209
8c0b5954114500641012b8e38dcab00ac4790359,MOVE,HTML/ace/ace.js:5009,HTML/pilot/dom.js:60
8c0b5954114500641012b8e38dcab00ac4790359,MOVE,HTML/ace/ace.js:5334,HTML/pilot/event.js:89
8c0b5954114500641012b8e38dcab00ac4790359,MOVE,HTML/ace/worker-css.js:1,HTML/ace/mode/css/csslint.js:2056
8c0b5954114500641012b8e38dcab00ac4790359,MOVE,HTML/ace/ace.js:12858,HTML/ace/search.js:72
8c0b5954114500641012b8e38dcab00ac4790359,MOVE,HTML/ace/ace.js:5788,HTML/ace/editor.js:218
8c0b5954114500641012b8e38dcab00ac4790359,MOVE,HTML/ace/worker-css.js:1,HTML/ace/mode/css/csslint.js:500
8311aa2112491af0e00c78ebe7158627644bd727,MOVE,HTML/ace/ace-uncompressed.js:3949,HTML/ace/ace.js:3949
8311aa2112491af0e00c78ebe7158627644bd727,MOVE,HTML/ace/ace-uncompressed.js:11986,HTML/ace/ace.js:11986
8311aa2112491af0e00c78ebe7158627644bd727,MOVE,HTML/ace/ace-uncompressed.js:4923,HTML/ace/ace.js:4923
8311aa2112491af0e00c78ebe7158627644bd727,MOVE,HTML/ace/ace-uncompressed.js:9644,HTML/ace/ace.js:9644
8311aa2112491af0e00c78ebe7158627644bd727,MOVE,HTML/ace/ace-uncompressed.js:7973,HTML/ace/ace.js:7973
8311aa2112491af0e00c78ebe7158627644bd727,INLINE,HTML/ace/ace-uncompressed.js:1288,HTML/ace/ace.js:4109
8311aa2112491af0e00c78ebe7158627644bd727,MOVE,HTML/ace/ace-uncompressed.js:2191,HTML/ace/ace.js:2191
8311aa2112491af0e00c78ebe7158627644bd727,INLINE,HTML/ace/ace-uncompressed.js:1213,HTML/ace/ace.js:1213
8311aa2112491af0e00c78ebe7158627644bd727,MOVE,HTML/ace/ace-uncompressed.js:5371,HTML/ace/ace.js:5371
8311aa2112491af0e00c78ebe7158627644bd727,INLINE,HTML/ace/ace-uncompressed.js:7152,HTML/ace/ace.js:7164
8311aa2112491af0e00c78ebe7158627644bd727,MOVE,HTML/ace/ace-uncompressed.js:5490,HTML/ace/ace.js:5490
8311aa2112491af0e00c78ebe7158627644bd727,MOVE,HTML/ace/ace-uncompressed.js:5377,HTML/ace/ace.js:5377
8311aa2112491af0e00c78ebe7158627644bd727,MOVE,HTML/ace/ace-uncompressed.js:855,HTML/ace/ace.js:855
8311aa2112491af0e00c78ebe7158627644bd727,INLINE,HTML/ace/ace-uncompressed.js:1355,HTML/ace/ace.js:1422
8311aa2112491af0e00c78ebe7158627644bd727,INLINE,HTML/ace/ace-uncompressed.js:12948,HTML/ace/ace.js:12914
8311aa2112491af0e00c78ebe7158627644bd727,INLINE,HTML/ace/ace-uncompressed.js:1404,HTML/ace/ace.js:1408
8311aa2112491af0e00c78ebe7158627644bd727,INLINE,HTML/ace/ace-uncompressed.js:8134,HTML/ace/ace.js:6524
8311aa2112491af0e00c78ebe7158627644bd727,MOVE,HTML/ace/ace-uncompressed.js:1696,HTML/ace/ace.js:1696
8311aa2112491af0e00c78ebe7158627644bd727,MOVE,HTML/ace/ace-uncompressed.js:1064,HTML/ace/ace.js:1064
8311aa2112491af0e00c78ebe7158627644bd727,MOVE,HTML/ace/ace-uncompressed.js:6843,HTML/ace/ace.js:6843
8311aa2112491af0e00c78ebe7158627644bd727,INLINE,HTML/ace/ace-uncompressed.js:8134,HTML/ace/ace.js:5687
8311aa2112491af0e00c78ebe7158627644bd727,MOVE,HTML/ace/ace-uncompressed.js:582,HTML/ace/ace.js:582
8311aa2112491af0e00c78ebe7158627644bd727,MOVE,HTML/ace/ace-uncompressed.js:78,HTML/ace/ace.js:78
8311aa2112491af0e00c78ebe7158627644bd727,MOVE,HTML/ace/ace-uncompressed.js:12832,HTML/ace/ace.js:12832
8311aa2112491af0e00c78ebe7158627644bd727,INLINE,HTML/ace/ace-uncompressed.js:10467,HTML/ace/ace.js:10420
8311aa2112491af0e00c78ebe7158627644bd727,INLINE,HTML/ace/ace-uncompressed.js:1288,HTML/ace/ace.js:1408
8311aa2112491af0e00c78ebe7158627644bd727,INLINE,HTML/ace/ace-uncompressed.js:4000,HTML/ace/ace.js:4000
8311aa2112491af0e00c78ebe7158627644bd727,MOVE,HTML/ace/ace-uncompressed.js:1658,HTML/ace/ace.js:1658
8311aa2112491af0e00c78ebe7158627644bd727,MOVE,HTML/ace/ace-uncompressed.js:3130,HTML/ace/ace.js:3130
8311aa2112491af0e00c78ebe7158627644bd727,INLINE,HTML/ace/ace-uncompressed.js:5780,HTML/ace/ace.js:5687
8311aa2112491af0e00c78ebe7158627644bd727,INLINE,HTML/ace/ace-uncompressed.js:1288,HTML/ace/ace.js:1422
8311aa2112491af0e00c78ebe7158627644bd727,INLINE,HTML/ace/ace-uncompressed.js:5780,HTML/ace/ace.js:6513
8311aa2112491af0e00c78ebe7158627644bd727,MOVE,HTML/ace/ace-uncompressed.js:11009,HTML/ace/ace.js:11009
8311aa2112491af0e00c78ebe7158627644bd727,INLINE,HTML/ace/ace-uncompressed.js:8134,HTML/ace/ace.js:6374
8311aa2112491af0e00c78ebe7158627644bd727,INLINE,HTML/ace/ace-uncompressed.js:1355,HTML/ace/ace.js:1408
8311aa2112491af0e00c78ebe7158627644bd727,INLINE,HTML/ace/ace-uncompressed.js:9826,HTML/ace/ace.js:9805
8311aa2112491af0e00c78ebe7158627644bd727,MOVE,HTML/ace/ace-uncompressed.js:5400,HTML/ace/ace.js:5400
8311aa2112491af0e00c78ebe7158627644bd727,MOVE,HTML/ace/ace-uncompressed.js:4099,HTML/ace/ace.js:4099
8311aa2112491af0e00c78ebe7158627644bd727,MOVE,HTML/ace/ace-uncompressed.js:1501,HTML/ace/ace.js:1501
8311aa2112491af0e00c78ebe7158627644bd727,MOVE,HTML/ace/ace-uncompressed.js:13272,HTML/ace/ace.js:13272
8311aa2112491af0e00c78ebe7158627644bd727,INLINE,HTML/ace/ace-uncompressed.js:5776,HTML/ace/ace.js:5918
8311aa2112491af0e00c78ebe7158627644bd727,MOVE,HTML/ace/ace-uncompressed.js:15173,HTML/ace/ace.js:15173
8311aa2112491af0e00c78ebe7158627644bd727,INLINE,HTML/ace/ace-uncompressed.js:5055,HTML/ace/ace.js:5059
8311aa2112491af0e00c78ebe7158627644bd727,INLINE,HTML/ace/ace-uncompressed.js:12948,HTML/ace/ace.js:12948
8311aa2112491af0e00c78ebe7158627644bd727,MOVE,HTML/ace/ace-uncompressed.js:2117,HTML/ace/ace.js:2117
8311aa2112491af0e00c78ebe7158627644bd727,MOVE,HTML/ace/ace-uncompressed.js:2135,HTML/ace/ace.js:2135
8311aa2112491af0e00c78ebe7158627644bd727,INLINE,HTML/ace/ace-uncompressed.js:12914,HTML/ace/ace.js:12948
8311aa2112491af0e00c78ebe7158627644bd727,MOVE,HTML/ace/ace-uncompressed.js:9163,HTML/ace/ace.js:9163
8311aa2112491af0e00c78ebe7158627644bd727,MOVE,HTML/ace/ace-uncompressed.js:9739,HTML/ace/ace.js:9739
8311aa2112491af0e00c78ebe7158627644bd727,MOVE,HTML/ace/ace-uncompressed.js:10204,HTML/ace/ace.js:10204
8311aa2112491af0e00c78ebe7158627644bd727,MOVE,HTML/ace/ace-uncompressed.js:14015,HTML/ace/ace.js:14015
8311aa2112491af0e00c78ebe7158627644bd727,MOVE,HTML/ace/ace-uncompressed.js:15575,HTML/ace/ace.js:15575
8311aa2112491af0e00c78ebe7158627644bd727,MOVE,HTML/ace/ace-uncompressed.js:2298,HTML/ace/ace.js:2298
8311aa2112491af0e00c78ebe7158627644bd727,INLINE,HTML/ace/ace-uncompressed.js:5996,HTML/ace/ace.js:5996
8311aa2112491af0e00c78ebe7158627644bd727,MOVE,HTML/ace/ace-uncompressed.js:208,HTML/ace/ace.js:208
8311aa2112491af0e00c78ebe7158627644bd727,MOVE,HTML/ace/ace-uncompressed.js:7539,HTML/ace/ace.js:7539
8311aa2112491af0e00c78ebe7158627644bd727,INLINE,HTML/ace/ace-uncompressed.js:13484,HTML/ace/ace.js:6182
8311aa2112491af0e00c78ebe7158627644bd727,INLINE,HTML/ace/ace-uncompressed.js:1288,HTML/ace/ace.js:4077
8311aa2112491af0e00c78ebe7158627644bd727,MOVE,HTML/ace/ace-uncompressed.js:11164,HTML/ace/ace.js:11164
8311aa2112491af0e00c78ebe7158627644bd727,MOVE,HTML/ace/ace-uncompressed.js:1072,HTML/ace/ace.js:1072
8311aa2112491af0e00c78ebe7158627644bd727,MOVE,HTML/ace/ace-uncompressed.js:119,HTML/ace/ace.js:119
8311aa2112491af0e00c78ebe7158627644bd727,MOVE,HTML/ace/ace-uncompressed.js:15259,HTML/ace/ace.js:15259
8311aa2112491af0e00c78ebe7158627644bd727,MOVE,HTML/ace/ace-uncompressed.js:12482,HTML/ace/ace.js:12482
8311aa2112491af0e00c78ebe7158627644bd727,MOVE,HTML/ace/ace-uncompressed.js:3873,HTML/ace/ace.js:3873
8311aa2112491af0e00c78ebe7158627644bd727,INLINE,HTML/ace/ace-uncompressed.js:1288,HTML/ace/ace.js:1472
8311aa2112491af0e00c78ebe7158627644bd727,MOVE,HTML/ace/ace-uncompressed.js:7439,HTML/ace/ace.js:7439
8311aa2112491af0e00c78ebe7158627644bd727,MOVE,HTML/ace/ace-uncompressed.js:7299,HTML/ace/ace.js:7299
8311aa2112491af0e00c78ebe7158627644bd727,INLINE,HTML/ace/ace-uncompressed.js:10433,HTML/ace/ace.js:5996
8311aa2112491af0e00c78ebe7158627644bd727,MOVE,HTML/ace/ace-uncompressed.js:3629,HTML/ace/ace.js:3629
8311aa2112491af0e00c78ebe7158627644bd727,INLINE,HTML/ace/ace-uncompressed.js:15198,HTML/ace/ace.js:13429
8311aa2112491af0e00c78ebe7158627644bd727,INLINE,HTML/ace/ace-uncompressed.js:1404,HTML/ace/ace.js:1422
8311aa2112491af0e00c78ebe7158627644bd727,MOVE,HTML/ace/ace-uncompressed.js:5628,HTML/ace/ace.js:5628
8311aa2112491af0e00c78ebe7158627644bd727,INLINE,HTML/ace/ace-uncompressed.js:1200,HTML/ace/ace.js:1200
8311aa2112491af0e00c78ebe7158627644bd727,MOVE,HTML/ace/ace-uncompressed.js:8711,HTML/ace/ace.js:8711
8311aa2112491af0e00c78ebe7158627644bd727,MOVE,HTML/ace/ace-uncompressed.js:2837,HTML/ace/ace.js:2837
8311aa2112491af0e00c78ebe7158627644bd727,INLINE,HTML/ace/ace-uncompressed.js:1355,HTML/ace/ace.js:1472
8311aa2112491af0e00c78ebe7158627644bd727,MOVE,HTML/ace/ace-uncompressed.js:2393,HTML/ace/ace.js:2393
8311aa2112491af0e00c78ebe7158627644bd727,MOVE,HTML/ace/ace-uncompressed.js:11809,HTML/ace/ace.js:11809
8311aa2112491af0e00c78ebe7158627644bd727,MOVE,HTML/ace/ace-uncompressed.js:7239,HTML/ace/ace.js:7239
8311aa2112491af0e00c78ebe7158627644bd727,MOVE,HTML/ace/ace-uncompressed.js:2635,HTML/ace/ace.js:2635
8311aa2112491af0e00c78ebe7158627644bd727,MOVE,HTML/ace/ace-uncompressed.js:7223,HTML/ace/ace.js:7223
8311aa2112491af0e00c78ebe7158627644bd727,INLINE,HTML/ace/ace-uncompressed.js:1404,HTML/ace/ace.js:1359
8311aa2112491af0e00c78ebe7158627644bd727,MOVE,HTML/ace/ace-uncompressed.js:7654,HTML/ace/ace.js:7654
8311aa2112491af0e00c78ebe7158627644bd727,MOVE,HTML/ace/ace-uncompressed.js:2043,HTML/ace/ace.js:2043
8311aa2112491af0e00c78ebe7158627644bd727,INLINE,HTML/ace/ace-uncompressed.js:8134,HTML/ace/ace.js:6513
8311aa2112491af0e00c78ebe7158627644bd727,INLINE,HTML/ace/ace-uncompressed.js:5776,HTML/ace/ace.js:5897
8311aa2112491af0e00c78ebe7158627644bd727,MOVE,HTML/ace/ace-uncompressed.js:50,HTML/ace/ace.js:50
8311aa2112491af0e00c78ebe7158627644bd727,MOVE,HTML/ace/ace-uncompressed.js:2182,HTML/ace/ace.js:2182
8311aa2112491af0e00c78ebe7158627644bd727,MOVE,HTML/ace/ace-uncompressed.js:2751,HTML/ace/ace.js:2751
8311aa2112491af0e00c78ebe7158627644bd727,MOVE,HTML/ace/ace-uncompressed.js:14466,HTML/ace/ace.js:14466
8311aa2112491af0e00c78ebe7158627644bd727,MOVE,HTML/ace/ace-uncompressed.js:14901,HTML/ace/ace.js:14901
8311aa2112491af0e00c78ebe7158627644bd727,MOVE,HTML/ace/ace-uncompressed.js:7228,HTML/ace/ace.js:7228
8311aa2112491af0e00c78ebe7158627644bd727,MOVE,HTML/ace/ace-uncompressed.js:1807,HTML/ace/ace.js:1807
8311aa2112491af0e00c78ebe7158627644bd727,INLINE,HTML/ace/ace-uncompressed.js:12914,HTML/ace/ace.js:12914
8311aa2112491af0e00c78ebe7158627644bd727,MOVE,HTML/ace/ace-uncompressed.js:2622,HTML/ace/ace.js:2622
8311aa2112491af0e00c78ebe7158627644bd727,MOVE,HTML/ace/ace-uncompressed.js:13162,HTML/ace/ace.js:13162
8311aa2112491af0e00c78ebe7158627644bd727,MOVE,HTML/ace/ace-uncompressed.js:2155,HTML/ace/ace.js:2155
8311aa2112491af0e00c78ebe7158627644bd727,INLINE,HTML/ace/ace-uncompressed.js:1355,HTML/ace/ace.js:4077
8311aa2112491af0e00c78ebe7158627644bd727,MOVE,HTML/ace/ace-uncompressed.js:5422,HTML/ace/ace.js:5422
8311aa2112491af0e00c78ebe7158627644bd727,MOVE,HTML/ace/ace-uncompressed.js:2068,HTML/ace/ace.js:2068
8311aa2112491af0e00c78ebe7158627644bd727,MOVE,HTML/ace/ace-uncompressed.js:10900,HTML/ace/ace.js:10900
8311aa2112491af0e00c78ebe7158627644bd727,MOVE,HTML/ace/ace-uncompressed.js:1344,HTML/ace/ace.js:1344
8311aa2112491af0e00c78ebe7158627644bd727,INLINE,HTML/ace/ace-uncompressed.js:5832,HTML/ace/ace.js:5832
8311aa2112491af0e00c78ebe7158627644bd727,INLINE,HTML/ace/ace-uncompressed.js:1355,HTML/ace/ace.js:4109
8311aa2112491af0e00c78ebe7158627644bd727,MOVE,HTML/ace/ace-uncompressed.js:8027,HTML/ace/ace.js:8027
8311aa2112491af0e00c78ebe7158627644bd727,MOVE,HTML/ace/ace-uncompressed.js:7121,HTML/ace/ace.js:7121
8311aa2112491af0e00c78ebe7158627644bd727,INLINE,HTML/ace/ace-uncompressed.js:1893,HTML/ace/ace.js:1422
8311aa2112491af0e00c78ebe7158627644bd727,MOVE,HTML/ace/ace-uncompressed.js:2233,HTML/ace/ace.js:2233
8311aa2112491af0e00c78ebe7158627644bd727,MOVE,HTML/ace/ace-uncompressed.js:2225,HTML/ace/ace.js:2225
8311aa2112491af0e00c78ebe7158627644bd727,INLINE,HTML/ace/ace-uncompressed.js:1893,HTML/ace/ace.js:1408
8311aa2112491af0e00c78ebe7158627644bd727,MOVE,HTML/ace/ace-uncompressed.js:5462,HTML/ace/ace.js:5462
8311aa2112491af0e00c78ebe7158627644bd727,INLINE,HTML/ace/ace-uncompressed.js:9826,HTML/ace/ace.js:9832
8311aa2112491af0e00c78ebe7158627644bd727,MOVE,HTML/ace/ace-uncompressed.js:7311,HTML/ace/ace.js:7311
8311aa2112491af0e00c78ebe7158627644bd727,MOVE,HTML/ace/ace-uncompressed.js:5405,HTML/ace/ace.js:5405
8311aa2112491af0e00c78ebe7158627644bd727,INLINE,HTML/ace/ace-uncompressed.js:5780,HTML/ace/ace.js:6374
8311aa2112491af0e00c78ebe7158627644bd727,MOVE,HTML/ace/ace-uncompressed.js:2037,HTML/ace/ace.js:2037
8311aa2112491af0e00c78ebe7158627644bd727,MOVE,HTML/ace/ace-uncompressed.js:5294,HTML/ace/ace.js:5294
8311aa2112491af0e00c78ebe7158627644bd727,MOVE,HTML/ace/ace-uncompressed.js:2221,HTML/ace/ace.js:2221
8311aa2112491af0e00c78ebe7158627644bd727,MOVE,HTML/ace/ace-uncompressed.js:14244,HTML/ace/ace.js:14244
8311aa2112491af0e00c78ebe7158627644bd727,MOVE,HTML/ace/ace-uncompressed.js:10520,HTML/ace/ace.js:10520
8311aa2112491af0e00c78ebe7158627644bd727,INLINE,HTML/ace/ace-uncompressed.js:5780,HTML/ace/ace.js:6524
8311aa2112491af0e00c78ebe7158627644bd727,MOVE,HTML/ace/ace-uncompressed.js:10733,HTML/ace/ace.js:10733
8311aa2112491af0e00c78ebe7158627644bd727,INLINE,HTML/ace/ace-uncompressed.js:3901,HTML/ace/ace.js:4180
8311aa2112491af0e00c78ebe7158627644bd727,MOVE,HTML/ace/ace-uncompressed.js:1461,HTML/ace/ace.js:1461
8311aa2112491af0e00c78ebe7158627644bd727,MOVE,HTML/ace/ace-uncompressed.js:15026,HTML/ace/ace.js:15026
8311aa2112491af0e00c78ebe7158627644bd727,MOVE,HTML/ace/ace-uncompressed.js:13012,HTML/ace/ace.js:13012
8311aa2112491af0e00c78ebe7158627644bd727,INLINE,HTML/ace/ace-uncompressed.js:6091,HTML/ace/ace.js:6091
8311aa2112491af0e00c78ebe7158627644bd727,MOVE,HTML/ace/ace-uncompressed.js:7268,HTML/ace/ace.js:7268
8311aa2112491af0e00c78ebe7158627644bd727,MOVE,HTML/ace/ace-uncompressed.js:11214,HTML/ace/ace.js:11214
8311aa2112491af0e00c78ebe7158627644bd727,MOVE,HTML/ace/ace-uncompressed.js:7335,HTML/ace/ace.js:7335
8311aa2112491af0e00c78ebe7158627644bd727,MOVE,HTML/ace/ace-uncompressed.js:14766,HTML/ace/ace.js:14766
8311aa2112491af0e00c78ebe7158627644bd727,MOVE,HTML/ace/ace-uncompressed.js:3624,HTML/ace/ace.js:3624
8311aa2112491af0e00c78ebe7158627644bd727,MOVE,HTML/ace/ace-uncompressed.js:14100,HTML/ace/ace.js:14100
d76e40ad0208c6963f765fff5d7aac55cd49ea7d,MOVE,HTML/coffee-script.js:1,HTML/vendor/coffee-script.js:1
d76e40ad0208c6963f765fff5d7aac55cd49ea7d,MOVE,HTML/jquery.js:1,HTML/vendor/jquery.js:1
d76e40ad0208c6963f765fff5d7aac55cd49ea7d,MOVE,HTML/underscore.js:1,HTML/vendor/underscore.js:1
b48ca2859cde9ba9434764ba92d7be0ed8b38d73,MOVE,HTML/atomicity.js:23,HTML/osx.js:27